player,team,position_raw,position,cap_number,base_salary,signing_bonus,option_bonus,roster_bonus,workout_bonus,guaranteed,apy
Budda Baker,ARI,Unknown,S,19216250.0,14415000.0,3061250.0,0.0,1000000.0,500000.0,7755000.0,0.0
Josh Sweat,ARI,Unknown,EDGE,16385000.0,9780000.0,3700000.0,1805000.0,0.0,100000.0,9780000.0,0.0
Marvin Harrison Jr.,ARI,Unknown,WR,9647657.0,1075000.0,5636771.0,0.0,2935886.0,0.0,4010886.0,0.0
Jeremiyah Love,ARI,Unknown,RB,9640512.0,885000.0,8755512.0,0.0,0.0,0.0,885000.0,0.0
Baron Browning,ARI,Unknown,EDGE,9415000.0,4390000.0,2750000.0,0.0,2000000.0,50000.0,2000000.0,0.0
Jacoby Brissett,ARI,Unknown,QB,9190000.0,4880000.0,1750000.0,0.0,0.0,50000.0,1500000.0,0.0
Paris Johnson Jr.,ARI,Unknown,OT,8925783.0,1145000.0,4350447.0,0.0,3430336.0,0.0,4575336.0,0.0
Trey McBride,ARI,Unknown,TE,8701000.0,3086000.0,3300000.0,1875000.0,0.0,100000.0,3086000.0,0.0
Hjalte Froholdt,ARI,Unknown,C,6958334.0,4770000.0,1333334.0,0.0,500000.0,100000.0,0.0,0.0
Isaac Seumalo,ARI,Unknown,OG,6853333.0,3500000.0,2833333.0,0.0,0.0,100000.0,3500000.0,0.0
Zaven Collins,ARI,Unknown,EDGE,6053217.0,4098217.0,1700000.0,0.0,0.0,0.0,0.0,0.0
Gardner Minshew,ARI,Unknown,QB,5690000.0,2890000.0,2250000.0,0.0,0.0,100000.0,2890000.0,0.0
Kyler Murray,ARI,Unknown,QB,5142500.0,22835000.0,2568966.0,7200000.0,17000000.0,1857500.0,36800000.0,0.0
James Conner,ARI,Unknown,RB,4830000.0,2355000.0,2250000.0,0.0,0.0,135000.0,2100000.0,0.0
Kendrick Bourne,ARI,Unknown,WR,4780000.0,2000000.0,2250000.0,0.0,0.0,50000.0,2000000.0,0.0
Mack Wilson,ARI,Unknown,LB,4726668.0,3390000.0,1166668.0,0.0,0.0,50000.0,0.0,0.0
Sean Murphy-Bunting,ARI,Unknown,CB,4490000.0,2390000.0,2000000.0,0.0,0.0,100000.0,1750000.0,0.0
Walter Nolen,ARI,Unknown,IDL,4401716.0,1005000.0,2681373.0,0.0,715343.0,0.0,1720343.0,0.0
Roy Lopez,ARI,Unknown,IDL,4390000.0,2000000.0,2000000.0,0.0,0.0,50000.0,2000000.0,0.0
Tyler Allgeier,ARI,Unknown,RB,4350000.0,1500000.0,2750000.0,0.0,0.0,100000.0,1500000.0,0.0
Michael Wilson,ARI,Unknown,WR,4144811.0,3924000.0,220811.0,0.0,0.0,0.0,0.0,0.0
Garrett Williams,ARI,Unknown,CB,3948533.0,3674000.0,274533.0,0.0,0.0,0.0,0.0,0.0
Darius Robinson,ARI,Unknown,IDL,3782544.0,2055848.0,1726696.0,0.0,0.0,0.0,2055848.0,0.0
Jack Gibbens,ARI,Unknown,LB,3725000.0,2000000.0,1000000.0,0.0,0.0,50000.0,2000000.0,0.0
Dante Stills,ARI,Unknown,IDL,3707333.0,3674000.0,33333.0,0.0,0.0,0.0,0.0,0.0
Elijah Higgins,ARI,Unknown,TE,3674000.0,3674000.0,0.0,0.0,0.0,0.0,0.0,0.0
Andrew Wingard,ARI,Unknown,S,2985000.0,1845000.0,850000.0,0.0,0.0,50000.0,1000000.0,0.0
Elijah Wilkinson,ARI,Unknown,OG,2855000.0,1580000.0,750000.0,0.0,0.0,100000.0,1580000.0,0.0
B.J. Ojulari,ARI,Unknown,EDGE,2735605.0,1922403.0,813202.0,0.0,0.0,0.0,0.0,0.0
Andrew Billings,ARI,Unknown,IDL,2500000.0,1550000.0,350000.0,0.0,0.0,75000.0,350000.0,0.0
Max Melton,ARI,Unknown,CB,2424084.0,1603028.0,821056.0,0.0,0.0,0.0,1603028.0,0.0
Chase Bisontis,ARI,Unknown,OG,2410678.0,885000.0,1525678.0,0.0,0.0,0.0,885000.0,0.0
Devin Duvernay,ARI,Unknown,WR,2350000.0,1215000.0,300000.0,0.0,0.0,80000.0,250000.0,0.0
Will Johnson,ARI,Unknown,CB,2138811.0,1267762.0,871049.0,0.0,0.0,0.0,1267762.0,0.0
Chad Ryland,ARI,Unknown,K,1850000.0,1425000.0,325000.0,0.0,0.0,0.0,150000.0,0.0
Joey Blount,ARI,Unknown,S,1780000.0,1515000.0,200000.0,0.0,0.0,50000.0,0.0,0.0
L.J. Collier,ARI,Unknown,IDL,1740000.0,1265000.0,350000.0,0.0,0.0,45000.0,400000.0,0.0
Blake Gillikin,ARI,Unknown,P,1725000.0,1250000.0,300000.0,0.0,0.0,100000.0,150000.0,0.0
Trey Benson,ARI,Unknown,RB,1652620.0,1345874.0,306746.0,0.0,0.0,0.0,0.0,0.0
Isaiah Adams,ARI,Unknown,OG,1629485.0,1338162.0,291323.0,0.0,0.0,0.0,0.0,0.0
Tip Reiman,ARI,Unknown,TE,1579067.0,1321356.0,257711.0,0.0,0.0,0.0,0.0,0.0
Elijah Jones,ARI,Unknown,CB,1550596.0,1311866.0,238730.0,0.0,0.0,0.0,0.0,0.0
Starling Thomas V,ARI,Unknown,CB,1475000.0,1075000.0,325000.0,0.0,0.0,75000.0,0.0,0.0
Jordan Burch,ARI,Unknown,EDGE,1474881.0,1134976.0,339905.0,0.0,0.0,0.0,0.0,0.0
Jon Gaines,ARI,Unknown,OG,1328060.0,1145000.0,183060.0,0.0,0.0,0.0,0.0,0.0
Dadrion Taylor-Demerson,ARI,Unknown,S,1286711.0,1075000.0,211711.0,0.0,0.0,0.0,0.0,0.0
Simi Fehoko,ARI,Unknown,WR,1262500.0,1215000.0,187500.0,0.0,0.0,0.0,1075000.0,0.0
Jonah Williams,ARI,Unknown,IDL,1262500.0,1215000.0,187500.0,0.0,0.0,0.0,0.0,0.0
Olisaemeka Udoh,ARI,Unknown,OT,1262500.0,1215000.0,50000.0,0.0,87500.0,0.0,300000.0,0.0
Matt Pryor,ARI,Unknown,C,1262500.0,1300000.0,187500.0,0.0,0.0,0.0,0.0,0.0
Casey Kreiter,ARI,Unknown,LS,1262500.0,1300000.0,187500.0,0.0,0.0,0.0,1075000.0,0.0
Cody Simon,ARI,Unknown,LB,1256190.0,1005000.0,251190.0,0.0,0.0,0.0,0.0,0.0
Zachary Carter,ARI,Unknown,IDL,1215000.0,1215000.0,0.0,0.0,0.0,0.0,0.0,0.0
Owen Pappoe,ARI,Unknown,LB,1206245.0,1145000.0,61245.0,0.0,0.0,0.0,0.0,0.0
Kei'Trel Clark,ARI,Unknown,CB,1197150.0,1145000.0,52150.0,0.0,0.0,0.0,0.0,0.0
Zonovan Knight,ARI,Unknown,RB,1195000.0,1145000.0,25000.0,0.0,0.0,25000.0,0.0,0.0
Christian Jones,ARI,Unknown,LB,1152614.0,1075000.0,77614.0,0.0,0.0,0.0,0.0,0.0
Eku Leota,ARI,Unknown,LB,1145000.0,1145000.0,0.0,0.0,0.0,0.0,0.0,0.0
Jalen Brooks,ARI,Unknown,WR,1145000.0,1145000.0,0.0,0.0,0.0,0.0,0.0,0.0
Teagan Quitoriano,ARI,Unknown,TE,1100000.0,1215000.0,0.0,0.0,0.0,25000.0,0.0,0.0
Denzel Burke,ARI,Unknown,CB,1085054.0,1005000.0,80054.0,0.0,0.0,0.0,0.0,0.0
Xavier Weaver,ARI,Unknown,WR,1085000.0,1075000.0,10000.0,0.0,0.0,0.0,0.0,0.0
Joshua Karty,ARI,Unknown,K,1075000.0,1075000.0,0.0,0.0,0.0,0.0,0.0,0.0
P.J. Mustipher,ARI,Unknown,IDL,1075000.0,1075000.0,0.0,0.0,0.0,0.0,0.0,0.0
Demontrey Jacobs,ARI,Unknown,OT,1075000.0,1075000.0,0.0,0.0,0.0,0.0,0.0,0.0
Ihmir Smith-Marsette,ARI,Unknown,WR,1075000.0,1215000.0,0.0,0.0,0.0,0.0,0.0,0.0
Hayden Conner,ARI,Unknown,OG,1048570.0,1005000.0,43570.0,0.0,0.0,0.0,0.0,0.0
Kitan Crawford,ARI,Unknown,S,1039473.0,1005000.0,34473.0,0.0,0.0,0.0,0.0,0.0
Reggie Virgil,ARI,Unknown,WR,1024125.0,885000.0,139125.0,0.0,0.0,0.0,0.0,0.0
Josh Fryar,ARI,Unknown,OT,1016666.0,1005000.0,11666.0,0.0,0.0,0.0,0.0,0.0
Kalen King,ARI,Unknown,CB,1005000.0,1005000.0,0.0,0.0,0.0,0.0,0.0,0.0
Corey Kiner,ARI,Unknown,RB,1005000.0,1005000.0,0.0,0.0,0.0,0.0,0.0,0.0
Jaden Davis,ARI,Unknown,CB,1005000.0,1005000.0,0.0,0.0,0.0,0.0,0.0,0.0
Austin Keys,ARI,Unknown,LB,1005000.0,1005000.0,0.0,0.0,0.0,0.0,0.0,0.0
Kedon Slovis,ARI,Unknown,QB,1005000.0,1005000.0,0.0,0.0,0.0,0.0,0.0,0.0
Karson Sharar,ARI,Unknown,LB,967108.0,885000.0,82108.0,0.0,0.0,0.0,0.0,0.0
Jayden Williams,ARI,Unknown,OG,930363.0,885000.0,45363.0,0.0,0.0,0.0,0.0,0.0
Damonic Williams,ARI,Unknown,IDL,898333.0,885000.0,13333.0,0.0,0.0,0.0,175000.0,0.0
Harrison Wallace III,ARI,Unknown,WR,898333.0,885000.0,13333.0,0.0,0.0,0.0,247500.0,0.0
Valentin Senn,ARI,Unknown,OT,898333.0,885000.0,13333.0,0.0,0.0,0.0,0.0,0.0
Elijah Culp,ARI,Unknown,CB,893333.0,885000.0,8333.0,0.0,0.0,0.0,247500.0,0.0
Cameron Robertson,ARI,Unknown,LB,891666.0,885000.0,6666.0,0.0,0.0,0.0,245000.0,0.0
Jameson Geers,ARI,Unknown,TE,890000.0,885000.0,5000.0,0.0,0.0,0.0,110000.0,0.0
Wydett Williams Jr.,ARI,Unknown,S,888333.0,885000.0,3333.0,0.0,0.0,0.0,100000.0,0.0
Ka'ena Decambra,ARI,Unknown,C,886666.0,885000.0,1666.0,0.0,0.0,0.0,50000.0,0.0
Carson Beck,ARI,Unknown,QB,885000.0,885000.0,0.0,0.0,0.0,0.0,0.0,0.0
Elliott Brown,ARI,Unknown,EDGE,885000.0,885000.0,0.0,0.0,0.0,0.0,0.0,0.0
Tejhaun Palmer,ARI,Unknown,WR,885000.0,885000.0,0.0,0.0,0.0,0.0,0.0,0.0
Bryson Green,ARI,Unknown,WR,885000.0,885000.0,0.0,0.0,0.0,0.0,0.0,0.0
Rivaldo Fairweather,ARI,Unknown,TE,885000.0,885000.0,0.0,0.0,0.0,0.0,0.0,0.0
Kaleb Proctor,ARI,Unknown,IDL,885000.0,885000.0,0.0,0.0,0.0,0.0,0.0,0.0
Stephen Dix,ARI,Unknown,LB,885000.0,885000.0,0.0,0.0,0.0,0.0,0.0,0.0
Chris Lindstrom,ATL,Unknown,OG,26250000.0,16000000.0,10250000.0,0.0,0.0,0.0,0.0,0.0
Jessie Bates III,ATL,Unknown,S,24770000.0,13020000.0,10750000.0,0.0,1000000.0,0.0,1000000.0,0.0
Drake London,ATL,Unknown,WR,16817000.0,16817000.0,0.0,0.0,0.0,0.0,16817000.0,0.0
Jake Matthews,ATL,Unknown,OT,16773714.0,2000000.0,14773714.0,0.0,0.0,0.0,16000000.0,0.0
Kyle Pitts,ATL,Unknown,TE,15045000.0,15045000.0,0.0,0.0,0.0,0.0,15045000.0,0.0
A.J. Terrell,ATL,Unknown,CB,13500000.0,3000000.0,10500000.0,0.0,0.0,0.0,3000000.0,0.0
Divine Deablo,ATL,Unknown,LB,8920000.0,5660000.0,3000000.0,0.0,0.0,0.0,1000000.0,0.0
Bijan Robinson,ATL,Unknown,RB,6986810.0,1145000.0,3242462.0,0.0,2599348.0,0.0,3744348.0,0.0
Michael Penix Jr.,ATL,Unknown,QB,6240719.0,1075000.0,3365479.0,0.0,1800240.0,0.0,2875240.0,0.0
Ryan Neuzil,ATL,Unknown,C,6225000.0,4050000.0,1750000.0,0.0,0.0,0.0,1650000.0,0.0
Charlie Woerner,ATL,Unknown,TE,5750000.0,4410000.0,1000000.0,0.0,0.0,0.0,0.0,0.0
Mike Hughes,ATL,Unknown,CB,5466666.0,3320000.0,1666666.0,0.0,0.0,0.0,3320000.0,0.0
Jahan Dotson,ATL,Unknown,WR,5000000.0,2000000.0,3000000.0,0.0,0.0,0.0,2000000.0,0.0
Matthew Bergeron,ATL,Unknown,OG,4806451.0,3924000.0,882451.0,0.0,0.0,0.0,10000.0,0.0
Jalon Walker,ATL,Unknown,EDGE,4673266.0,1005000.0,2898613.0,0.0,769653.0,0.0,1774653.0,0.0
Jawaan Taylor,ATL,Unknown,OT,4625000.0,2725000.0,0.0,0.0,1000000.0,0.0,0.0,0.0
Clark Phillips III,ATL,Unknown,CB,3867383.0,3674000.0,193383.0,0.0,0.0,0.0,0.0,0.0
James Pearce Jr.,ATL,Unknown,EDGE,3813360.0,1005000.0,2210688.0,0.0,597672.0,0.0,1602672.0,0.0
Nick Folk,ATL,Unknown,K,3260000.0,1500000.0,1250000.0,0.0,0.0,0.0,1500000.0,0.0
Kyle Hinton,ATL,Unknown,OG,3250000.0,2325000.0,500000.0,0.0,0.0,0.0,0.0,0.0
Austin Hooper,ATL,Unknown,TE,3220000.0,1490000.0,1250000.0,0.0,0.0,0.0,1490000.0,0.0
Cameron Thomas,ATL,Unknown,EDGE,3095000.0,1500000.0,0.0,0.0,1000000.0,0.0,1500000.0,0.0
Da'Shawn Hand,ATL,Unknown,IDL,3000000.0,1500000.0,1500000.0,0.0,0.0,0.0,0.0,0.0
Lacale London,ATL,Unknown,IDL,2691177.0,1750000.0,750000.0,0.0,0.0,0.0,0.0,0.0
Christian Harris,ATL,Unknown,LB,2660000.0,1485000.0,500000.0,0.0,0.0,0.0,1485000.0,0.0
Samson Ebukam,ATL,Unknown,EDGE,2630000.0,1300000.0,70000.0,0.0,0.0,0.0,0.0,0.0
Brian Robinson Jr.,ATL,Unknown,RB,2500000.0,1215000.0,775000.0,0.0,0.0,0.0,0.0,0.0
Jake Bailey,ATL,Unknown,P,2221666.0,1300000.0,666666.0,0.0,0.0,0.0,1300000.0,0.0
Mike Ford,ATL,Unknown,CB,2155000.0,1565000.0,250000.0,0.0,0.0,0.0,0.0,0.0
Kirk Cousins,ATL,Unknown,QB,2100000.0,2100000.0,12500000.0,0.0,10000000.0,0.0,10000000.0,0.0
Olamide Zaccheaus,ATL,Unknown,WR,2040000.0,1300000.0,500000.0,0.0,0.0,0.0,1300000.0,0.0
Chris Williams,ATL,Unknown,IDL,2000000.0,1500000.0,500000.0,0.0,0.0,0.0,0.0,0.0
Avieon Terrell,ATL,Unknown,CB,1874345.0,885000.0,989345.0,0.0,0.0,0.0,885000.0,0.0
Zach Harrison,ATL,Unknown,EDGE,1771778.0,1509333.0,262445.0,0.0,0.0,0.0,0.0,0.0
Bralen Trice,ATL,Unknown,EDGE,1617202.0,1334068.0,283134.0,0.0,0.0,0.0,0.0,0.0
Sydney Brown,ATL,Unknown,S,1533969.0,1483969.0,0.0,0.0,0.0,50000.0,0.0,0.0
Maason Smith,ATL,Unknown,IDL,1523964.0,1523964.0,0.0,0.0,0.0,0.0,1097254.0,0.0
Liam McCullough,ATL,Unknown,LS,1440000.0,1215000.0,225000.0,0.0,0.0,0.0,0.0,0.0
Xavier Watts,ATL,Unknown,S,1406490.0,1121298.0,285192.0,0.0,0.0,0.0,0.0,0.0
Storm Norton,ATL,Unknown,OT,1330000.0,1230000.0,100000.0,0.0,0.0,0.0,0.0,0.0
Zachariah Branch,ATL,Unknown,WR,1282935.0,885000.0,397935.0,0.0,0.0,0.0,0.0,0.0
Brandon Dorlus,ATL,Unknown,IDL,1280599.0,1075000.0,205599.0,0.0,0.0,0.0,0.0,0.0
Azeez Ojulari,ATL,Unknown,EDGE,1262500.0,1215000.0,187500.0,0.0,0.0,0.0,200000.0,0.0
Corey Levin,ATL,Unknown,C,1260000.0,1300000.0,0.0,0.0,100000.0,0.0,0.0,0.0
Billy Bowman Jr.,ATL,Unknown,S,1251538.0,1005000.0,246538.0,0.0,0.0,0.0,0.0,0.0
Tua Tagovailoa,ATL,Unknown,QB,1215000.0,1215000.0,0.0,0.0,0.0,0.0,0.0,0.0
Troy Andersen,ATL,Unknown,LB,1215000.0,1215000.0,0.0,0.0,0.0,0.0,0.0,0.0
Elijah Garcia,ATL,Unknown,IDL,1215000.0,1215000.0,0.0,0.0,0.0,0.0,0.0,0.0
C.J. Henderson,ATL,Unknown,CB,1215000.0,1215000.0,0.0,0.0,0.0,0.0,0.0,0.0
DeAngelo Malone,ATL,Unknown,EDGE,1215000.0,1500000.0,0.0,0.0,0.0,0.0,215000.0,0.0
DeMarcco Hellams,ATL,Unknown,S,1171575.0,1145000.0,26575.0,0.0,0.0,0.0,0.0,0.0
J.D. Bertrand,ATL,Unknown,LB,1162506.0,1075000.0,87506.0,0.0,0.0,0.0,0.0,0.0
Brandon Walton,ATL,Unknown,OT,1145000.0,1145000.0,0.0,0.0,0.0,0.0,0.0,0.0
Tyler Goodson,ATL,Unknown,RB,1145000.0,1145000.0,0.0,0.0,0.0,0.0,0.0,0.0
Jammie Robinson,ATL,Unknown,S,1145000.0,1145000.0,0.0,0.0,0.0,0.0,0.0,0.0
Casey Washington,ATL,Unknown,WR,1123399.0,1075000.0,48399.0,0.0,0.0,0.0,0.0,0.0
Kendal Daniels,ATL,Unknown,LB,1082259.0,885000.0,197259.0,0.0,0.0,0.0,0.0,0.0
Natrone Brooks,ATL,Unknown,CB,1075000.0,1075000.0,0.0,0.0,0.0,0.0,0.0,0.0
Channing Tindall,ATL,Unknown,LB,1075000.0,1215000.0,0.0,0.0,0.0,0.0,0.0,0.0
Ross Blacklock,ATL,Unknown,IDL,1075000.0,1215000.0,0.0,0.0,0.0,0.0,0.0,0.0
Darren Hall,ATL,Unknown,S,1075000.0,1215000.0,0.0,0.0,0.0,0.0,0.0,0.0
Darnay Holmes,ATL,Unknown,CB,1075000.0,1215000.0,0.0,0.0,0.0,0.0,0.0,0.0
Chris Blair,ATL,Unknown,WR,1075000.0,1075000.0,0.0,0.0,0.0,0.0,0.0,0.0
Trevor Siemian,ATL,Unknown,QB,1075000.0,1300000.0,0.0,0.0,0.0,0.0,0.0,0.0
Mike Jerrell,ATL,Unknown,OT,1075000.0,1075000.0,0.0,0.0,0.0,0.0,0.0,0.0
Jack Nelson,ATL,Unknown,OT,1043154.0,1005000.0,38154.0,0.0,0.0,0.0,0.0,0.0
Nate Carter,ATL,Unknown,RB,1010000.0,1005000.0,5000.0,0.0,0.0,0.0,0.0,0.0
Dylan Drummond,ATL,Unknown,WR,1005000.0,1005000.0,0.0,0.0,0.0,0.0,0.0,0.0
Cobee Bryant,ATL,Unknown,CB,1005000.0,1005000.0,0.0,0.0,0.0,0.0,0.0,0.0
Andrew Stueber,ATL,Unknown,OT,1005000.0,1005000.0,0.0,0.0,0.0,0.0,0.0,0.0
Layden Robinson,ATL,Unknown,OG,1005000.0,1005000.0,0.0,0.0,0.0,0.0,0.0,0.0
Anterio Thompson,ATL,Unknown,IDL,948658.0,885000.0,63658.0,0.0,0.0,0.0,0.0,0.0
Harold Perkins Jr.,ATL,Unknown,LB,936633.0,885000.0,51633.0,0.0,0.0,0.0,0.0,0.0
Ethan Onianwa,ATL,Unknown,OG,923982.0,885000.0,38982.0,0.0,0.0,0.0,0.0,0.0
James Brockermeyer,ATL,Unknown,C,895000.0,885000.0,10000.0,0.0,0.0,0.0,200000.0,0.0
Malcolm DeWalt IV,ATL,Unknown,CB,891666.0,885000.0,6666.0,0.0,0.0,0.0,120000.0,0.0
Le'Meke Brockington,ATL,Unknown,WR,890000.0,885000.0,5000.0,0.0,0.0,0.0,100000.0,0.0
Kam Dewberry,ATL,Unknown,OG,890000.0,885000.0,5000.0,0.0,0.0,0.0,247500.0,0.0
Cash Jones,ATL,Unknown,RB,890000.0,885000.0,5000.0,0.0,0.0,0.0,220000.0,0.0
Jack Strand,ATL,Unknown,QB,890000.0,885000.0,5000.0,0.0,0.0,0.0,247500.0,0.0
Riley Mahlman,ATL,Unknown,OT,890000.0,885000.0,5000.0,0.0,0.0,0.0,100000.0,0.0
Vinny Anthony II,ATL,Unknown,WR,890000.0,885000.0,5000.0,0.0,0.0,0.0,247500.0,0.0
Jack Velling,ATL,Unknown,TE,888333.0,885000.0,3333.0,0.0,0.0,0.0,0.0,0.0
Carlos Allen Jr.,ATL,Unknown,IDL,888333.0,885000.0,3333.0,0.0,0.0,0.0,123750.0,0.0
Malik Verdon,ATL,Unknown,S,888333.0,885000.0,3333.0,0.0,0.0,0.0,0.0,0.0
Keelan Marion,ATL,Unknown,WR,886666.0,885000.0,1666.0,0.0,0.0,0.0,0.0,0.0
CJ Nunnally,ATL,Unknown,EDGE,886333.0,885000.0,1333.0,0.0,0.0,0.0,0.0,0.0
Phil Florenzo,ATL,Unknown,LS,885333.0,885000.0,333.0,0.0,0.0,0.0,0.0,0.0
Daveren Rayner,ATL,Unknown,LB,885000.0,885000.0,0.0,0.0,0.0,0.0,0.0,0.0
Joshua Simon,ATL,Unknown,TE,885000.0,885000.0,0.0,0.0,0.0,0.0,0.0,0.0
A.J. Woods,ATL,Unknown,CB,885000.0,885000.0,0.0,0.0,0.0,0.0,0.0,0.0
Lamar Jackson,BAL,Unknown,CB,34390000.0,1300000.0,24340000.0,8000000.0,0.0,750000.0,1300000.0,0.0
Roquan Smith,BAL,Unknown,LB,32718750.0,16000000.0,9718750.0,3000000.0,4000000.0,0.0,4000000.0,0.0
Nnamdi Madubuike,BAL,Unknown,IDL,29872059.0,22000000.0,4872059.0,3000000.0,0.0,0.0,22000000.0,0.0
Marlon Humphrey,BAL,Unknown,CB,26276000.0,15250000.0,7016700.0,0.0,4000000.0,0.0,4000000.0,0.0
Trey Hendrickson,BAL,Unknown,EDGE,15000000.0,11000000.0,4000000.0,0.0,0.0,0.0,11000000.0,0.0
Kyle Hamilton,BAL,Unknown,S,10682604.0,1622604.0,5380000.0,3680000.0,0.0,0.0,1622604.0,0.0
Ronnie Stanley,BAL,Unknown,OT,9859588.0,1300000.0,4049000.0,4040000.0,0.0,0.0,1800000.0,0.0
Mark Andrews,BAL,Unknown,TE,6979624.0,1300000.0,2523958.0,3066667.0,0.0,89000.0,1300000.0,0.0
Rashod Bateman,BAL,Unknown,WR,6180687.0,2000000.0,2798334.0,1000000.0,0.0,250000.0,2500000.0,0.0
Calais Campbell,BAL,Unknown,IDL,6000000.0,2500000.0,2250000.0,0.0,0.0,0.0,2500000.0,0.0
Broderick Washington,BAL,Unknown,IDL,5860000.0,4010000.0,750000.0,1100000.0,0.0,0.0,0.0,0.0
Derrick Henry,BAL,Unknown,RB,5589000.0,1300000.0,2349000.0,1940000.0,0.0,0.0,1300000.0,0.0
Travis Jones,BAL,Unknown,IDL,5563111.0,1215000.0,2253111.0,2095000.0,0.0,0.0,1215000.0,0.0
Chidobe Awuzie,BAL,Unknown,CB,5000000.0,1500000.0,3500000.0,0.0,0.0,0.0,1500000.0,0.0
John Simpson,BAL,Unknown,OG,5000000.0,1500000.0,3500000.0,0.0,0.0,0.0,1500000.0,0.0
Zay Flowers,BAL,Unknown,WR,4466140.0,2664060.0,1802080.0,0.0,0.0,0.0,2664060.0,0.0
Olaivavega Ioane,BAL,Unknown,OG,4405860.0,885000.0,3520860.0,0.0,0.0,0.0,885000.0,0.0
Trenton Simpson,BAL,Unknown,LB,3906637.0,3674000.0,232637.0,0.0,0.0,0.0,0.0,0.0
Tavius Robinson,BAL,Unknown,EDGE,3854141.0,3674000.0,180141.0,0.0,0.0,0.0,0.0,0.0
Justice Hill,BAL,Unknown,RB,3813727.0,2750000.0,666668.0,0.0,250000.0,0.0,0.0,0.0
Malaki Starks,BAL,Unknown,S,3768104.0,1005000.0,2174483.0,0.0,588621.0,0.0,1593621.0,0.0
Andrew Vorhees,BAL,Unknown,OG,3699528.0,3674000.0,25528.0,0.0,0.0,0.0,0.0,0.0
Nate Wiggins,BAL,Unknown,CB,3496315.0,1960438.0,1535877.0,0.0,0.0,0.0,1960438.0,0.0
Jaylinn Hawkins,BAL,Unknown,S,3150000.0,1300000.0,1850000.0,0.0,0.0,0.0,1300000.0,0.0
Durham Smythe,BAL,Unknown,TE,3000000.0,1500000.0,1500000.0,0.0,0.0,0.0,500000.0,0.0
Danny Pinter,BAL,Unknown,C,2750000.0,1500000.0,750000.0,0.0,0.0,0.0,750000.0,0.0
Tyler Huntley,BAL,Unknown,QB,2150000.0,1300000.0,850000.0,0.0,0.0,0.0,1300000.0,0.0
Zion Young,BAL,Unknown,EDGE,2031812.0,885000.0,1146812.0,0.0,0.0,0.0,885000.0,0.0
John Jenkins,BAL,Unknown,IDL,1827500.0,1300000.0,172500.0,0.0,0.0,50000.0,0.0,0.0
Roger Rosengarten,BAL,Unknown,OT,1755631.0,1380210.0,375421.0,0.0,0.0,0.0,0.0,0.0
Mike Green,BAL,Unknown,EDGE,1686229.0,1177246.0,508983.0,0.0,0.0,0.0,1177246.0,0.0
Adisa Isaac,BAL,Unknown,EDGE,1540373.0,1308458.0,231915.0,0.0,0.0,0.0,0.0,0.0
Nick Moore,BAL,Unknown,LS,1455000.0,1215000.0,240000.0,0.0,0.0,0.0,1215000.0,0.0
Emery Jones Jr.,BAL,Unknown,OT,1425800.0,1125160.0,300640.0,0.0,0.0,0.0,0.0,0.0
Ja'Kobi Lane,BAL,Unknown,WR,1278014.0,885000.0,393014.0,0.0,0.0,0.0,0.0,0.0
Devontez Walker,BAL,Unknown,WR,1274463.0,1075000.0,199463.0,0.0,0.0,0.0,0.0,0.0
T.J. Tampa,BAL,Unknown,CB,1249614.0,1075000.0,174614.0,0.0,0.0,0.0,0.0,0.0
Teddye Buchanan,BAL,Unknown,LB,1230724.0,1005000.0,225724.0,0.0,0.0,0.0,0.0,0.0
Jovaughn Gwyn,BAL,Unknown,C,1195000.0,1195000.0,0.0,0.0,0.0,50000.0,0.0,0.0
Elijah Sarratt,BAL,Unknown,WR,1180905.0,885000.0,295905.0,0.0,0.0,0.0,0.0,0.0
Rasheen Ali,BAL,Unknown,RB,1147467.0,1075000.0,72467.0,0.0,0.0,0.0,0.0,0.0
Skylar Thompson,BAL,Unknown,QB,1145000.0,1145000.0,0.0,0.0,0.0,0.0,0.0,0.0
Carson Vinson,BAL,Unknown,OT,1122399.0,1005000.0,117399.0,0.0,0.0,0.0,0.0,0.0
Matthew Hibner,BAL,Unknown,TE,1082259.0,885000.0,197259.0,0.0,0.0,0.0,0.0,0.0
Amani Oruwariye,BAL,Unknown,CB,1075000.0,1215000.0,0.0,0.0,0.0,0.0,0.0,0.0
K'Von Wallace,BAL,Unknown,S,1075000.0,1215000.0,0.0,0.0,0.0,0.0,0.0,0.0
Tyler Loop,BAL,Unknown,K,1066193.0,1005000.0,61193.0,0.0,0.0,0.0,0.0,0.0
LaJohntay Wester,BAL,Unknown,WR,1058717.0,1005000.0,53717.0,0.0,0.0,0.0,0.0,0.0
Aeneas Peebles,BAL,Unknown,IDL,1048570.0,1005000.0,43570.0,0.0,0.0,0.0,0.0,0.0
Jay Higgins,BAL,Unknown,LB,1011666.0,1005000.0,6666.0,0.0,0.0,0.0,0.0,0.0
Chandler Rivers,BAL,Unknown,CB,1005878.0,885000.0,120878.0,0.0,0.0,0.0,0.0,0.0
Corey Bullock,BAL,Unknown,C,1005000.0,1005000.0,0.0,0.0,0.0,0.0,0.0,0.0
Keyon Martin,BAL,Unknown,CB,1005000.0,1005000.0,0.0,0.0,0.0,0.0,0.0,0.0
Basil Okoye,BAL,Unknown,IDL,1005000.0,1005000.0,0.0,0.0,0.0,0.0,0.0,0.0
Carl Jones Jr.,BAL,Unknown,EDGE,1005000.0,1005000.0,0.0,0.0,0.0,0.0,0.0,0.0
Keondre Jackson,BAL,Unknown,S,1005000.0,1005000.0,0.0,0.0,0.0,0.0,0.0,0.0
Adam Randall,BAL,Unknown,RB,979869.0,885000.0,94869.0,0.0,0.0,0.0,0.0,0.0
Josh Cuevas,BAL,Unknown,TE,979869.0,885000.0,94869.0,0.0,0.0,0.0,0.0,0.0
Bilhal Kone,BAL,Unknown,CB,954286.0,885000.0,69286.0,0.0,0.0,0.0,0.0,0.0
Ryan Eckley,BAL,Unknown,P,945712.0,885000.0,60712.0,0.0,0.0,0.0,0.0,0.0
Robert Longerbeam,BAL,Unknown,CB,928570.0,885000.0,43570.0,0.0,0.0,0.0,0.0,0.0
Evan Beerntsen,BAL,Unknown,OG,915122.0,885000.0,30122.0,0.0,0.0,0.0,0.0,0.0
Rayshaun Benny,BAL,Unknown,IDL,915122.0,885000.0,30122.0,0.0,0.0,0.0,0.0,0.0
Aaron Graves,BAL,Unknown,IDL,896666.0,885000.0,11666.0,0.0,0.0,0.0,25000.0,0.0
Silas Walters,BAL,Unknown,S,893333.0,885000.0,8333.0,0.0,0.0,0.0,25000.0,0.0
Diego Pounds,BAL,Unknown,OT,893333.0,885000.0,8333.0,0.0,0.0,0.0,15000.0,0.0
Ethan Burke,BAL,Unknown,EDGE,891666.0,885000.0,6666.0,0.0,0.0,0.0,0.0,0.0
Reid Williford,BAL,Unknown,LB,890000.0,885000.0,5000.0,0.0,0.0,0.0,0.0,0.0
Dominic DeLuca,BAL,Unknown,LB,890000.0,885000.0,5000.0,0.0,0.0,0.0,0.0,0.0
Elijah Tau-Tolliver,BAL,Unknown,RB,888333.0,885000.0,3333.0,0.0,0.0,0.0,0.0,0.0
Lardarius Webb Jr.,BAL,Unknown,CB,888333.0,885000.0,3333.0,0.0,0.0,0.0,5000.0,0.0
Nick Dawkins,BAL,Unknown,C,888333.0,885000.0,3333.0,0.0,0.0,0.0,0.0,0.0
Tyler Pezza,BAL,Unknown,TE,887500.0,885000.0,2500.0,0.0,0.0,0.0,0.0,0.0
Cortez Braham,BAL,Unknown,WR,887500.0,885000.0,2500.0,0.0,0.0,0.0,0.0,0.0
Dontae McMillan,BAL,Unknown,RB,887500.0,885000.0,2500.0,0.0,0.0,0.0,0.0,0.0
Octavian Smith,BAL,Unknown,WR,887500.0,885000.0,2500.0,0.0,0.0,0.0,0.0,0.0
"Dion Wilson, Jr.",BAL,Unknown,IDL,886666.0,885000.0,1666.0,0.0,0.0,0.0,0.0,0.0
Matthew McDoom,BAL,Unknown,CB,886666.0,885000.0,1666.0,0.0,0.0,0.0,0.0,0.0
Xavier Guillory,BAL,Unknown,WR,885000.0,885000.0,0.0,0.0,0.0,0.0,0.0,0.0
Dayton Wade,BAL,Unknown,WR,885000.0,885000.0,0.0,0.0,0.0,0.0,0.0,0.0
Kaimon Rucker,BAL,Unknown,EDGE,885000.0,885000.0,0.0,0.0,0.0,0.0,0.0,0.0
Marquise Robinson,BAL,Unknown,CB,885000.0,885000.0,0.0,0.0,0.0,0.0,0.0,0.0
Jared Penning,BAL,Unknown,OT,885000.0,885000.0,0.0,0.0,0.0,0.0,0.0,0.0
David Olajiga,BAL,Unknown,IDL,885000.0,885000.0,0.0,0.0,0.0,0.0,0.0,0.0
Cornelius Johnson,BAL,Unknown,WR,885000.0,885000.0,0.0,0.0,0.0,0.0,0.0,0.0
Lucas Scott,BAL,Unknown,OT,885000.0,885000.0,0.0,0.0,0.0,0.0,0.0,0.0
Gerad Christian-Lichtenhan,BAL,Unknown,OT,885000.0,885000.0,0.0,0.0,0.0,0.0,0.0,0.0
JahQuez Robinson,BAL,Unknown,S,885000.0,885000.0,0.0,0.0,0.0,0.0,0.0,0.0
Luke Elzinga,BAL,Unknown,P,885000.0,885000.0,0.0,0.0,0.0,0.0,0.0,0.0
Joe Fagnano,BAL,Unknown,QB,885000.0,885000.0,0.0,0.0,0.0,0.0,0.0,0.0
Diego Pavia,BAL,Unknown,QB,885000.0,885000.0,0.0,0.0,0.0,0.0,0.0,0.0
Josh Allen,BUF,Unknown,QB,44228000.0,1300000.0,34828000.0,7600000.0,0.0,500000.0,1300000.0,0.0
Dion Dawkins,BUF,Unknown,OT,24837834.0,15465000.0,6872834.0,1200000.0,500000.0,500000.0,5250000.0,0.0
Ed Oliver,BUF,Unknown,IDL,13660000.0,1300000.0,8660000.0,3125000.0,0.0,500000.0,0.0,0.0
Gregory Rousseau,BUF,Unknown,EDGE,11790000.0,4920000.0,3500000.0,2800000.0,0.0,250000.0,18920000.0,0.0
Josh Palmer,BUF,Unknown,WR,11750000.0,9660000.0,1600000.0,0.0,0.0,250000.0,7840000.0,0.0
Spencer Brown,BUF,Unknown,RB,8970000.0,1215000.0,3885000.0,3200000.0,0.0,250000.0,1215000.0,0.0
Dawson Knox,BUF,Unknown,TE,8551333.0,1300000.0,7151333.0,0.0,0.0,100000.0,1300000.0,0.0
Christian Benford,BUF,Unknown,CB,7396000.0,2546000.0,1500000.0,2400000.0,0.0,500000.0,2546000.0,0.0
Michael Hoecht,BUF,Unknown,EDGE,7019467.0,6040000.0,819467.0,0.0,0.0,100000.0,6040000.0,0.0
Khalil Shakir,BUF,Unknown,WR,6792000.0,2812000.0,1400000.0,1820000.0,0.0,250000.0,2812000.0,0.0
D.J. Moore,BUF,Unknown,WR,6752000.0,1300000.0,4437000.0,0.0,0.0,250000.0,1300000.0,0.0
Bradley Chubb,BUF,Unknown,EDGE,6500000.0,1985000.0,3000000.0,0.0,0.0,250000.0,1985000.0,0.0
James Cook,BUF,Unknown,RB,5880000.0,2010000.0,1800000.0,1480000.0,0.0,250000.0,2010000.0,0.0
Terrel Bernard,BUF,Unknown,LB,5352000.0,2162000.0,1200000.0,1350000.0,0.0,250000.0,2162000.0,0.0
Connor McGovern,BUF,Unknown,C,5250000.0,1890000.0,2750000.0,0.0,0.0,100000.0,1890000.0,0.0
O'Cyrus Torrence,BUF,Unknown,OG,4305087.0,3849000.0,381087.0,0.0,0.0,75000.0,0.0,0.0
Dalton Kincaid,BUF,Unknown,TE,4272240.0,2580960.0,1691280.0,0.0,0.0,0.0,2580960.0,0.0
Dorian Williams,BUF,Unknown,LB,3902692.0,3644000.0,228692.0,0.0,0.0,30000.0,0.0,0.0
Maxwell Hairston,BUF,Unknown,CB,3467723.0,1005000.0,1934178.0,0.0,528545.0,0.0,1533545.0,0.0
Ty Johnson,BUF,Unknown,RB,3275000.0,2220000.0,500000.0,0.0,0.0,50000.0,320000.0,0.0
Dee Alford,BUF,Unknown,CB,3230000.0,1310000.0,1500000.0,0.0,0.0,100000.0,1310000.0,0.0
Tyler Bass,BUF,Unknown,K,3050000.0,1680000.0,1270000.0,0.0,0.0,100000.0,500000.0,0.0
Keon Coleman,BUF,Unknown,WR,2747525.0,1710842.0,1036683.0,0.0,0.0,0.0,1710842.0,0.0
Alec Anderson,BUF,Unknown,OT,2500000.0,1645000.0,500000.0,0.0,0.0,100000.0,1300000.0,0.0
T.J. Sanders,BUF,Unknown,IDL,2419411.0,1323882.0,1095529.0,0.0,0.0,0.0,1323882.0,0.0
"Chauncey Gardner-Johnson, Jr.",BUF,Unknown,S,2400000.0,1515000.0,500000.0,0.0,0.0,60000.0,1515000.0,0.0
T.J. Parker,BUF,Unknown,EDGE,2389226.0,885000.0,1504226.0,0.0,0.0,0.0,885000.0,0.0
Sam Franklin,BUF,Unknown,S,1916666.0,1280000.0,416666.0,0.0,0.0,50000.0,1280000.0,0.0
Kyle Allen,BUF,Unknown,QB,1900000.0,1650000.0,150000.0,0.0,0.0,100000.0,1500000.0,0.0
Cole Bishop,BUF,Unknown,S,1785817.0,1315272.0,395545.0,0.0,0.0,75000.0,0.0,0.0
Reid Ferguson,BUF,Unknown,LS,1602500.0,1300000.0,277500.0,0.0,0.0,25000.0,0.0,0.0
DeWayne Carter,BUF,Unknown,IDL,1532195.0,1305732.0,226463.0,0.0,0.0,0.0,0.0,0.0
Landon Jackson,BUF,Unknown,EDGE,1504314.0,1110863.0,363451.0,0.0,0.0,30000.0,0.0,0.0
Davison Igbinosun,BUF,Unknown,CB,1445274.0,885000.0,560274.0,0.0,0.0,0.0,885000.0,0.0
Deone Walker,BUF,Unknown,IDL,1266763.0,1005000.0,261763.0,0.0,0.0,0.0,0.0,0.0
Austin Corbett,BUF,Unknown,C,1262500.0,1300000.0,187500.0,0.0,0.0,0.0,1075000.0,0.0
Mike Danna,BUF,Unknown,EDGE,1262500.0,1215000.0,187500.0,0.0,0.0,0.0,1075000.0,0.0
Lloyd Cushenberry,BUF,Unknown,C,1262500.0,1215000.0,187500.0,0.0,0.0,0.0,1075000.0,0.0
Geno Stone,BUF,Unknown,S,1262500.0,1215000.0,187500.0,0.0,0.0,0.0,0.0,0.0
Ray Davis,BUF,Unknown,RB,1253297.0,1075000.0,178297.0,0.0,0.0,0.0,0.0,0.0
Mitch Wishnowsky,BUF,Unknown,P,1250000.0,1300000.0,150000.0,0.0,0.0,25000.0,0.0,0.0
Phidarian Mathis,BUF,Unknown,IDL,1195000.0,1145000.0,25000.0,0.0,0.0,25000.0,0.0,0.0
Sedrick Van Pran-Granger,BUF,Unknown,C,1163813.0,1075000.0,88813.0,0.0,0.0,0.0,0.0,0.0
Skyler Bell,BUF,Unknown,WR,1157941.0,885000.0,272941.0,0.0,0.0,0.0,0.0,0.0
Kaleb Elarms-Orr,BUF,Unknown,LB,1155740.0,885000.0,270740.0,0.0,0.0,0.0,0.0,0.0
Shane Buechele,BUF,Unknown,QB,1150000.0,1075000.0,50000.0,0.0,0.0,25000.0,0.0,0.0
Javon Solomon,BUF,Unknown,EDGE,1138569.0,1075000.0,63569.0,0.0,0.0,0.0,0.0,0.0
Damar Hamlin,BUF,Unknown,S,1125000.0,1215000.0,25000.0,0.0,0.0,25000.0,0.0,0.0
Tylan Grable,BUF,Unknown,OT,1117478.0,1075000.0,42478.0,0.0,0.0,0.0,0.0,0.0
Mecole Hardman,BUF,Unknown,WR,1100000.0,1300000.0,0.0,0.0,50000.0,25000.0,0.0,0.0
Jordan Hancock,BUF,Unknown,S,1085054.0,1005000.0,80054.0,0.0,0.0,0.0,0.0,0.0
Jackson Hawes,BUF,Unknown,TE,1085054.0,1005000.0,80054.0,0.0,0.0,0.0,0.0,0.0
Nick Broeker,BUF,Unknown,OG,1080000.0,1075000.0,5000.0,0.0,0.0,0.0,0.0,0.0
Tyrell Shavers,BUF,Unknown,WR,1078500.0,1075000.0,3500.0,0.0,0.0,0.0,0.0,0.0
Zion Logue,BUF,Unknown,IDL,1078500.0,1075000.0,3500.0,0.0,0.0,0.0,0.0,0.0
Dorian Strong,BUF,Unknown,CB,1076339.0,1005000.0,71339.0,0.0,0.0,0.0,0.0,0.0
Joe Andreessen,BUF,Unknown,LB,1075834.0,1075000.0,834.0,0.0,0.0,0.0,0.0,0.0
Ben VanSumeren,BUF,Unknown,LB,1075000.0,1075000.0,0.0,0.0,0.0,0.0,0.0,0.0
Shane Zylstra,BUF,Unknown,TE,1075000.0,1215000.0,0.0,0.0,0.0,0.0,0.0,0.0
Andre Jones Jr.,BUF,Unknown,EDGE,1075000.0,1075000.0,0.0,0.0,0.0,0.0,0.0,0.0
Trent Sherfield,BUF,Unknown,WR,1075000.0,1300000.0,0.0,0.0,0.0,0.0,0.0,0.0
Jalen Virgil,BUF,Unknown,WR,1075000.0,1075000.0,0.0,0.0,0.0,0.0,0.0,0.0
Chase Lundt,BUF,Unknown,OT,1056231.0,1005000.0,51231.0,0.0,0.0,0.0,0.0,0.0
Keonta Jenkins,BUF,Unknown,S,1008000.0,1005000.0,3000.0,0.0,0.0,0.0,0.0,0.0
Keleki Latu,BUF,Unknown,TE,1005000.0,1005000.0,0.0,0.0,0.0,0.0,0.0,0.0
Jalon Kilgore,BUF,Unknown,S,1000831.0,885000.0,115831.0,0.0,0.0,0.0,0.0,0.0
Zane Durant,BUF,Unknown,IDL,979869.0,885000.0,94869.0,0.0,0.0,0.0,0.0,0.0
Toriano Pride Jr.,BUF,Unknown,CB,928945.0,885000.0,43945.0,0.0,0.0,0.0,0.0,0.0
Tommy Doman,BUF,Unknown,P,918043.0,885000.0,33043.0,0.0,0.0,0.0,0.0,0.0
Ar'Maj Reed-Adams,BUF,Unknown,OG,917438.0,885000.0,32438.0,0.0,0.0,0.0,0.0,0.0
Max Tomczak,BUF,Unknown,WR,895000.0,885000.0,10000.0,0.0,0.0,0.0,15000.0,0.0
Wande Owens,BUF,Unknown,S,893333.0,885000.0,8333.0,0.0,0.0,0.0,0.0,0.0
Cade Denhoff,BUF,Unknown,EDGE,891666.0,885000.0,6666.0,0.0,0.0,0.0,0.0,0.0
Theron Gaines,BUF,Unknown,LB,891666.0,885000.0,6666.0,0.0,0.0,0.0,0.0,0.0
Kody Huisman,BUF,Unknown,IDL,891666.0,885000.0,6666.0,0.0,0.0,0.0,25000.0,0.0
Jackson Acker,BUF,Unknown,FB,890666.0,885000.0,5666.0,0.0,0.0,0.0,0.0,0.0
Ja'Mori Maclin,BUF,Unknown,WR,890000.0,885000.0,5000.0,0.0,0.0,0.0,0.0,0.0
Desmond Reid,BUF,Unknown,RB,890000.0,885000.0,5000.0,0.0,0.0,0.0,0.0,0.0
Jordan Dunbar,BUF,Unknown,CB,890000.0,885000.0,5000.0,0.0,0.0,0.0,0.0,0.0
Bruno Fina,BUF,Unknown,OT,890000.0,885000.0,5000.0,0.0,0.0,0.0,35000.0,0.0
Stephen Gosnell,BUF,Unknown,WR,889250.0,885000.0,4250.0,0.0,0.0,0.0,0.0,0.0
Travis Clayton,BUF,Unknown,OG,889250.0,885000.0,4250.0,0.0,0.0,0.0,0.0,0.0
Da'Metrius Weatherspoon,BUF,Unknown,OT,889000.0,885000.0,4000.0,0.0,0.0,0.0,0.0,0.0
Kani Walker,BUF,Unknown,CB,888333.0,885000.0,3333.0,0.0,0.0,0.0,0.0,0.0
Tommy Akingbesote,BUF,Unknown,IDL,887500.0,885000.0,2500.0,0.0,0.0,0.0,0.0,0.0
Te'Cory Couch,BUF,Unknown,CB,887250.0,885000.0,2250.0,0.0,0.0,0.0,0.0,0.0
Jimmy Ciarlo,BUF,Unknown,LB,886750.0,885000.0,1750.0,0.0,0.0,0.0,0.0,0.0
Gabriel Benyard,BUF,Unknown,WR,885833.0,885000.0,833.0,0.0,0.0,0.0,0.0,0.0
Jude Bowry,BUF,Unknown,OT,885000.0,885000.0,0.0,0.0,0.0,0.0,0.0,0.0
Daryl Porter,BUF,Unknown,CB,885000.0,885000.0,0.0,0.0,0.0,0.0,0.0,0.0
Frank Gore Jr.,BUF,Unknown,RB,885000.0,885000.0,0.0,0.0,0.0,0.0,0.0,0.0
Robert Hunt,CAR,Unknown,OG,24300000.0,18500000.0,5300000.0,0.0,0.0,500000.0,19000000.0,0.0
Trevon Moehrig,CAR,Unknown,S,21270000.0,14500000.0,6000000.0,0.0,0.0,290000.0,15300000.0,0.0
Taylor Moton,CAR,Unknown,OT,21103088.0,14195000.0,6937500.0,0.0,0.0,500000.0,13195000.0,0.0
Tershawn Wharton,CAR,Unknown,IDL,18643333.0,13450000.0,4833333.0,0.0,0.0,90000.0,14050000.0,0.0
Ikem Ekwonu,CAR,Unknown,OT,17560000.0,17560000.0,0.0,0.0,0.0,0.0,17560000.0,0.0
Damien Lewis,CAR,Unknown,OG,16720000.0,12240000.0,3750000.0,0.0,0.0,250000.0,0.0,0.0
Bryce Young,CAR,Unknown,QB,12076615.0,1145000.0,6150922.0,0.0,4780693.0,0.0,5925693.0,0.0
Derrick Brown,CAR,Unknown,IDL,10952000.0,1215000.0,8387000.0,0.0,0.0,500000.0,1215000.0,0.0
Jaycee Horn,CAR,Unknown,CB,10899400.0,1215000.0,8964000.0,0.0,0.0,500000.0,1215000.0,0.0
Patrick Jones II,CAR,Unknown,EDGE,10115000.0,6400000.0,3615000.0,0.0,0.0,100000.0,1750000.0,0.0
Jaelan Phillips,CAR,Unknown,EDGE,9990000.0,1215000.0,8750000.0,0.0,0.0,25000.0,1240000.0,0.0
Bobby Brown III,CAR,Unknown,IDL,8033333.0,5550000.0,1833333.0,0.0,0.0,140000.0,2775000.0,0.0
Tommy Tremble,CAR,Unknown,TE,8000000.0,3670000.0,2000000.0,0.0,0.0,320000.0,2000000.0,0.0
Michael Jackson Sr.,CAR,Unknown,CB,7800000.0,4250000.0,2000000.0,0.0,0.0,20000.0,2000000.0,0.0
Chuba Hubbard,CAR,Unknown,RB,7476100.0,5645000.0,1506100.0,0.0,0.0,100000.0,4500000.0,0.0
Devin Lloyd,CAR,Unknown,LB,6773333.0,1215000.0,5083333.0,0.0,0.0,25000.0,1215000.0,0.0
Tetairoa McMillan,CAR,Unknown,WR,6347816.0,1005000.0,4238253.0,0.0,1104563.0,0.0,2109563.0,0.0
Kenny Pickett,CAR,Unknown,QB,4000000.0,1215000.0,2785000.0,0.0,0.0,25000.0,1215000.0,0.0
Rasheed Walker,CAR,Unknown,OT,4000000.0,1215000.0,2000000.0,0.0,0.0,105000.0,1215000.0,0.0
Monroe Freeling,CAR,Unknown,OT,3805157.0,885000.0,2920157.0,0.0,0.0,0.0,885000.0,0.0
Xavier Legette,CAR,Unknown,WR,3370139.0,1918380.0,1451759.0,0.0,0.0,0.0,1918380.0,0.0
Luke Fortner,CAR,Unknown,C,2750000.0,1215000.0,825000.0,0.0,0.0,30000.0,500000.0,0.0
Jonathon Brooks,CAR,Unknown,RB,2295568.0,1560190.0,735378.0,0.0,0.0,0.0,0.0,0.0
Nick Scott,CAR,Unknown,S,2000000.0,1300000.0,505000.0,0.0,0.0,25000.0,595000.0,0.0
Thomas Incoom,CAR,Unknown,LB,2000000.0,1145000.0,515000.0,0.0,0.0,0.0,585000.0,0.0
Stone Forsythe,CAR,Unknown,OT,2000000.0,1215000.0,500000.0,0.0,0.0,30000.0,550000.0,0.0
Nic Scourton,CAR,Unknown,EDGE,1957781.0,1231556.0,726225.0,0.0,0.0,0.0,1231556.0,0.0
John Metchie III,CAR,Unknown,WR,1900000.0,1145000.0,500000.0,0.0,0.0,0.0,500000.0,0.0
Lee Hunter,CAR,Unknown,IDL,1831435.0,885000.0,946435.0,0.0,0.0,0.0,885000.0,0.0
Sam Martin,CAR,Unknown,P,1650000.0,1300000.0,350000.0,0.0,0.0,0.0,1300000.0,0.0
Trevin Wallace,CAR,Unknown,LB,1625410.0,1261804.0,288606.0,0.0,0.0,75000.0,0.0,0.0
Princely Umanmielen,CAR,Unknown,EDGE,1477396.0,1135479.0,341917.0,0.0,0.0,0.0,0.0,0.0
Chandler Zavala,CAR,Unknown,OG,1337934.0,1145000.0,192934.0,0.0,0.0,0.0,0.0,0.0
Claudin Cherelus,CAR,Unknown,LB,1295000.0,1145000.0,50000.0,0.0,100000.0,0.0,411300.0,0.0
James Mitchell,CAR,Unknown,TE,1295000.0,1145000.0,0.0,0.0,0.0,0.0,590000.0,0.0
Ja'Tavion Sanders,CAR,Unknown,TE,1293559.0,1075000.0,218559.0,0.0,0.0,0.0,0.0,0.0
Chris Brazzell II,CAR,Unknown,WR,1262511.0,885000.0,377511.0,0.0,0.0,0.0,0.0,0.0
David Moore,CAR,Unknown,WR,1262500.0,1300000.0,0.0,0.0,187500.0,0.0,0.0,0.0
Trevis Gipson,CAR,Unknown,EDGE,1262500.0,1215000.0,187500.0,0.0,0.0,0.0,411300.0,0.0
J.J. Jansen,CAR,Unknown,LS,1262500.0,1300000.0,187500.0,0.0,0.0,0.0,1075000.0,0.0
Akayleb Evans,CAR,Unknown,CB,1262500.0,1215000.0,187500.0,0.0,0.0,0.0,411300.0,0.0
A.J. Dillon,CAR,Unknown,RB,1262500.0,1215000.0,0.0,0.0,187500.0,0.0,100000.0,0.0
Isaiah Simmons,CAR,Unknown,LB,1262500.0,1215000.0,187500.0,0.0,0.0,0.0,0.0,0.0
Trevor Etienne,CAR,Unknown,RB,1257186.0,1005000.0,252186.0,0.0,0.0,0.0,0.0,0.0
Lathan Ransom,CAR,Unknown,S,1244279.0,1005000.0,239279.0,0.0,0.0,0.0,0.0,0.0
Chau Smith-Wade,CAR,Unknown,CB,1155996.0,1075000.0,80996.0,0.0,0.0,0.0,0.0,0.0
Will Lee III,CAR,Unknown,CB,1147858.0,885000.0,262858.0,0.0,0.0,0.0,0.0,0.0
Nick Hampton,CAR,Unknown,LB,1145000.0,1145000.0,0.0,0.0,0.0,0.0,0.0,0.0
LaBryan Ray,CAR,Unknown,IDL,1145000.0,1145000.0,0.0,0.0,0.0,0.0,0.0,0.0
Feleipe Franks,CAR,Unknown,TE,1125000.0,1215000.0,0.0,0.0,50000.0,0.0,0.0,0.0
Cam'Ron Jackson,CAR,Unknown,IDL,1123289.0,1005000.0,118289.0,0.0,0.0,0.0,0.0,0.0
Mitchell Evans,CAR,Unknown,TE,1102742.0,1005000.0,97742.0,0.0,0.0,0.0,0.0,0.0
Jalen Coker,CAR,Unknown,WR,1075000.0,1075000.0,0.0,0.0,0.0,0.0,0.0,0.0
Nick Samac,CAR,Unknown,C,1075000.0,1075000.0,0.0,0.0,0.0,0.0,0.0,0.0
Dan Chisena,CAR,Unknown,WR,1075000.0,1215000.0,0.0,0.0,0.0,0.0,0.0,0.0
Robert Rochell,CAR,Unknown,CB,1075000.0,1215000.0,0.0,0.0,0.0,0.0,0.0,0.0
Will Grier,CAR,Unknown,QB,1075000.0,1215000.0,0.0,0.0,0.0,0.0,0.0,0.0
Saahdiq Charles,CAR,Unknown,OT,1075000.0,1215000.0,0.0,0.0,0.0,0.0,0.0,0.0
Maema Njongmeta,CAR,Unknown,LB,1075000.0,1075000.0,0.0,0.0,0.0,0.0,0.0,0.0
Ja'Tyre Carter,CAR,Unknown,OG,1075000.0,1075000.0,0.0,0.0,0.0,0.0,0.0,0.0
Demani Richardson,CAR,Unknown,S,1075000.0,1075000.0,0.0,0.0,0.0,0.0,0.0,0.0
Jimmy Horn Jr.,CAR,Unknown,WR,1053860.0,1005000.0,48860.0,0.0,0.0,0.0,0.0,0.0
Sam Hecht,CAR,Unknown,C,1023504.0,885000.0,138504.0,0.0,0.0,0.0,0.0,0.0
Zakee Wheatley,CAR,Unknown,S,1012613.0,885000.0,127613.0,0.0,0.0,0.0,0.0,0.0
Ryan Fitzgerald,CAR,Unknown,K,1010000.0,1005000.0,5000.0,0.0,0.0,0.0,0.0,0.0
Bam Martin-Scott,CAR,Unknown,LB,1010000.0,1005000.0,5000.0,0.0,0.0,0.0,0.0,0.0
Corey Thornton,CAR,Unknown,CB,1008333.0,1005000.0,3333.0,0.0,0.0,0.0,0.0,0.0
Jared Harrison-Hunte,CAR,Unknown,IDL,1005000.0,1005000.0,0.0,0.0,0.0,0.0,0.0,0.0
Tyrek Funderburk,CAR,Unknown,CB,1005000.0,1005000.0,0.0,0.0,0.0,0.0,0.0,0.0
Ainias Smith,CAR,Unknown,WR,1005000.0,1005000.0,0.0,0.0,0.0,0.0,0.0,0.0
Brycen Tremayne,CAR,Unknown,WR,1005000.0,1005000.0,0.0,0.0,0.0,0.0,0.0,0.0
Jackson Kuwatch,CAR,Unknown,LB,924770.0,885000.0,39770.0,0.0,0.0,0.0,0.0,0.0
DeVonta Smith,CAR,Unknown,WR,893333.0,885000.0,8333.0,0.0,0.0,0.0,247500.0,0.0
Aaron Hall,CAR,Unknown,IDL,893333.0,885000.0,8333.0,0.0,0.0,0.0,247500.0,0.0
Albert Reese IV,CAR,Unknown,OT,891666.0,885000.0,6666.0,0.0,0.0,0.0,125000.0,0.0
Cam Miller,CAR,Unknown,QB,891666.0,885000.0,6666.0,0.0,0.0,0.0,225000.0,0.0
Jaylon Guilbeau,CAR,Unknown,CB,890000.0,885000.0,5000.0,0.0,0.0,0.0,100000.0,0.0
Kobe Prentice,CAR,Unknown,WR,890000.0,885000.0,5000.0,0.0,0.0,0.0,0.0,0.0
Isaia Glass,CAR,Unknown,OT,890000.0,885000.0,5000.0,0.0,0.0,0.0,247500.0,0.0
Isaiah Smith,CAR,Unknown,EDGE,888333.0,885000.0,3333.0,0.0,0.0,0.0,0.0,0.0
Haynes King,CAR,Unknown,QB,888333.0,885000.0,3333.0,0.0,0.0,0.0,200000.0,0.0
Parker Petersen,CAR,Unknown,IDL,888333.0,885000.0,3333.0,0.0,0.0,0.0,0.0,0.0
Mapalo Mwansa,CAR,Unknown,EDGE,885000.0,885000.0,0.0,0.0,0.0,0.0,0.0,0.0
Jared Bartlett,CAR,Unknown,LB,885000.0,885000.0,0.0,0.0,0.0,0.0,0.0,0.0
Joshua Gray,CAR,Unknown,OG,885000.0,885000.0,0.0,0.0,0.0,0.0,0.0,0.0
Miles Davis,CAR,Unknown,RB,885000.0,885000.0,0.0,0.0,0.0,0.0,0.0,0.0
Jaseem Reed,CAR,Unknown,WR,885000.0,885000.0,0.0,0.0,0.0,0.0,0.0,0.0
Anthony Tyus III,CAR,Unknown,RB,885000.0,885000.0,0.0,0.0,0.0,0.0,0.0,0.0
Heinrich Haarberg,CAR,Unknown,TE,885000.0,885000.0,0.0,0.0,0.0,0.0,0.0,0.0
Tywone Malone,CAR,Unknown,IDL,885000.0,885000.0,0.0,0.0,0.0,0.0,0.0,0.0
Mike Reid,CAR,Unknown,CB,885000.0,885000.0,0.0,0.0,0.0,0.0,0.0,0.0
Montez Sweat,CHI,Unknown,EDGE,25085294.0,20900000.0,4085294.0,0.0,0.0,100000.0,10000000.0,0.0
Jaylon Johnson,CHI,Unknown,CB,24500000.0,15050000.0,9000000.0,0.0,0.0,100000.0,7600000.0,0.0
Joe Thuney,CHI,Unknown,OG,21500000.0,16000000.0,5000000.0,0.0,0.0,500000.0,16000000.0,0.0
Dayo Odeyingbo,CHI,Unknown,EDGE,20500000.0,15500000.0,4500000.0,0.0,0.0,500000.0,15500000.0,0.0
Grady Jarrett,CHI,Unknown,IDL,18925000.0,14250000.0,4000000.0,0.0,0.0,325000.0,14250000.0,0.0
Kyler Gordon,CHI,Unknown,CB,12910000.0,10000000.0,2500000.0,0.0,0.0,290000.0,10000000.0,0.0
Jonah Jackson,CHI,Unknown,OG,12750000.0,1250000.0,10250000.0,0.0,0.0,230000.0,1250000.0,0.0
T.J. Edwards,CHI,Unknown,LB,10833333.0,8250000.0,2333333.0,0.0,0.0,250000.0,8250000.0,0.0
Caleb Williams,CHI,Unknown,QB,10768925.0,1075000.0,6384283.0,0.0,3309642.0,0.0,4384642.0,0.0
D'Andre Swift,CHI,Unknown,RB,8803334.0,6390000.0,1333334.0,0.0,500000.0,100000.0,500000.0,0.0
Cole Kmet,CHI,Unknown,TE,7775000.0,1250000.0,5425000.0,0.0,1000000.0,100000.0,0.0,0.0
Darnell Wright,CHI,Unknown,OT,6671722.0,1145000.0,3062413.0,0.0,2464309.0,0.0,3609309.0,0.0
Rome Odunze,CHI,Unknown,WR,6197591.0,1075000.0,3336727.0,0.0,1785864.0,0.0,2860864.0,0.0
Colston Loveland,CHI,Unknown,TE,6053638.0,1005000.0,4002910.0,0.0,1045728.0,0.0,2050728.0,0.0
Coby Bryant,CHI,Unknown,S,5960000.0,1500000.0,4000000.0,0.0,0.0,160000.0,1500000.0,0.0
Devin Bush,CHI,Unknown,LB,5666666.0,1500000.0,3666666.0,0.0,0.0,160000.0,1500000.0,0.0
Tyson Bagent,CHI,Unknown,QB,4750000.0,4000000.0,500000.0,0.0,0.0,250000.0,4000000.0,0.0
Garrett Bradbury,CHI,Unknown,C,4700000.0,3700000.0,0.0,0.0,0.0,150000.0,3700000.0,0.0
Braxton Jones,CHI,Unknown,OT,4340000.0,2000000.0,1500000.0,0.0,0.0,480000.0,1500000.0,0.0
Tyrique Stevenson,CHI,Unknown,CB,4096637.0,3674000.0,422637.0,0.0,0.0,0.0,0.0,0.0
Neville Gallimore,CHI,Unknown,IDL,4000000.0,2000000.0,1500000.0,0.0,0.0,160000.0,2000000.0,0.0
Cairo Santos,CHI,Unknown,K,3760000.0,3100000.0,560000.0,0.0,0.0,100000.0,0.0,0.0
Kalif Raymond,CHI,Unknown,WR,3470000.0,2000000.0,1000000.0,0.0,0.0,245000.0,2000000.0,0.0
D'Marco Jackson,CHI,Unknown,LB,3047500.0,1750000.0,937500.0,0.0,0.0,120000.0,1750000.0,0.0
Josh Blackwell,CHI,Unknown,CB,2605000.0,1750000.0,375000.0,0.0,0.0,160000.0,0.0,0.0
Luther Burden,CHI,Unknown,WR,2491826.0,1338365.0,1153461.0,0.0,0.0,0.0,1338365.0,0.0
Cameron Lewis,CHI,Unknown,CB,2250000.0,1250000.0,750000.0,0.0,0.0,80000.0,1250000.0,0.0
Case Keenum,CHI,Unknown,QB,2200000.0,1300000.0,800000.0,0.0,0.0,100000.0,1300000.0,0.0
Gervon Dexter,CHI,Unknown,IDL,2139369.0,1666872.0,472497.0,0.0,0.0,0.0,0.0,0.0
Daniel Hardy,CHI,Unknown,EDGE,2137500.0,1225000.0,612500.0,0.0,0.0,130000.0,1225000.0,0.0
Ozzy Trapilo,CHI,Unknown,OT,1754123.0,1190825.0,563298.0,0.0,0.0,0.0,1190825.0,0.0
Shemar Turner,CHI,Unknown,IDL,1640974.0,1168195.0,472779.0,0.0,0.0,0.0,1168195.0,0.0
Kiran Amegadjie,CHI,Unknown,OT,1612997.0,1282666.0,280331.0,0.0,0.0,50000.0,0.0,0.0
Elijah Hicks,CHI,Unknown,S,1402500.0,2412500.0,187500.0,0.0,0.0,0.0,1500000.0,0.0
Roschon Johnson,CHI,Unknown,RB,1337172.0,1145000.0,192172.0,0.0,0.0,0.0,0.0,0.0
Tory Taylor,CHI,Unknown,P,1261975.0,1075000.0,186975.0,0.0,0.0,0.0,0.0,0.0
Kentavius Street,CHI,Unknown,IDL,1255000.0,1300000.0,100000.0,0.0,40000.0,40000.0,0.0,0.0
Jordan McFadden,CHI,Unknown,OG,1250000.0,1145000.0,25000.0,0.0,0.0,45000.0,0.0,0.0
Zavion Thomas,CHI,Unknown,WR,1242093.0,885000.0,357093.0,0.0,0.0,0.0,0.0,0.0
Noah Sewell,CHI,Unknown,LB,1226237.0,1145000.0,81237.0,0.0,0.0,0.0,0.0,0.0
Ruben Hyppolite II,CHI,Unknown,LB,1224897.0,1005000.0,219897.0,0.0,0.0,0.0,0.0,0.0
Terell Smith,CHI,Unknown,CB,1213971.0,1145000.0,68971.0,0.0,0.0,0.0,0.0,0.0
Jaylon Jones,CHI,Unknown,CB,1175000.0,1215000.0,100000.0,0.0,0.0,0.0,607500.0,0.0
James Lynch,CHI,Unknown,IDL,1175000.0,1215000.0,100000.0,0.0,0.0,0.0,0.0,0.0
Austin Booker,CHI,Unknown,EDGE,1162285.0,1075000.0,87285.0,0.0,0.0,0.0,0.0,0.0
Malik Muhammad,CHI,Unknown,CB,1160695.0,885000.0,275695.0,0.0,0.0,0.0,0.0,0.0
Jonathan Garvin,CHI,Unknown,EDGE,1145000.0,1145000.0,0.0,0.0,0.0,0.0,0.0,0.0
Stephen Carlson,CHI,Unknown,TE,1145000.0,1145000.0,0.0,0.0,0.0,0.0,0.0,0.0
Anthony Johnson Jr.,CHI,Unknown,S,1145000.0,1145000.0,0.0,0.0,0.0,0.0,0.0,0.0
Brittain Brown,CHI,Unknown,RB,1075000.0,1075000.0,0.0,0.0,0.0,0.0,0.0,0.0
Maurice Alexander,CHI,Unknown,WR,1075000.0,1075000.0,0.0,0.0,0.0,0.0,0.0,0.0
Salvon Ahmed,CHI,Unknown,RB,1075000.0,1215000.0,0.0,0.0,0.0,0.0,0.0,0.0
Dallis Flowers,CHI,Unknown,CB,1075000.0,1215000.0,0.0,0.0,0.0,0.0,0.0,0.0
Jon Rhattigan,CHI,Unknown,LB,1075000.0,1215000.0,0.0,0.0,0.0,0.0,0.0,0.0
Jack Sanborn,CHI,Unknown,LB,1075000.0,1215000.0,0.0,0.0,0.0,0.0,0.0,0.0
Nephi Sewell,CHI,Unknown,LB,1075000.0,1215000.0,0.0,0.0,0.0,0.0,0.0,0.0
Jedrick Wills,CHI,Unknown,OT,1075000.0,1215000.0,0.0,0.0,0.0,0.0,0.0,0.0
Scott Miller,CHI,Unknown,WR,1075000.0,1300000.0,0.0,0.0,0.0,0.0,0.0,0.0
Luke Newman,CHI,Unknown,OG,1062515.0,1005000.0,57515.0,0.0,0.0,0.0,0.0,0.0
Kyle Monangai,CHI,Unknown,RB,1037035.0,1005000.0,32035.0,0.0,0.0,0.0,0.0,0.0
Jahdae Walker,CHI,Unknown,WR,1011666.0,1005000.0,6666.0,0.0,0.0,0.0,0.0,0.0
Theo Benedet,CHI,Unknown,OT,1005000.0,1005000.0,0.0,0.0,0.0,0.0,0.0,0.0
Gervarrius Owens,CHI,Unknown,S,1005000.0,1005000.0,0.0,0.0,0.0,0.0,0.0,0.0
Jamree Kromah,CHI,Unknown,EDGE,1005000.0,1005000.0,0.0,0.0,0.0,0.0,0.0,0.0
Dominique Hampton,CHI,Unknown,S,1005000.0,1005000.0,0.0,0.0,0.0,0.0,0.0,0.0
Kyle Hergel,CHI,Unknown,OG,1005000.0,1005000.0,0.0,0.0,0.0,0.0,0.0,0.0
Nikola Kalinic,CHI,Unknown,TE,1005000.0,1005000.0,0.0,0.0,0.0,0.0,0.0,0.0
Keyshaun Elliott,CHI,Unknown,LB,1001885.0,885000.0,116885.0,0.0,0.0,0.0,0.0,0.0
Jordan van den Berg,CHI,Unknown,IDL,942902.0,885000.0,57902.0,0.0,0.0,0.0,0.0,0.0
Caden Barnett,CHI,Unknown,OG,895000.0,885000.0,10000.0,0.0,0.0,0.0,247500.0,0.0
Mason Murphy,CHI,Unknown,OT,891666.0,885000.0,6666.0,0.0,0.0,0.0,247500.0,0.0
Jayden Loving,CHI,Unknown,IDL,891666.0,885000.0,6666.0,0.0,0.0,0.0,225000.0,0.0
Skyler Thomas,CHI,Unknown,S,891666.0,885000.0,6666.0,0.0,0.0,0.0,200000.0,0.0
Coleman Bennett,CHI,Unknown,RB,891666.0,885000.0,6666.0,0.0,0.0,0.0,125000.0,0.0
Jaren Kump,CHI,Unknown,C,890000.0,885000.0,5000.0,0.0,0.0,0.0,100000.0,0.0
Miller Moss,CHI,Unknown,QB,888333.0,885000.0,3333.0,0.0,0.0,0.0,200000.0,0.0
Beau Gardner,CHI,Unknown,TE,888333.0,885000.0,3333.0,0.0,0.0,0.0,100000.0,0.0
Omari Kelly,CHI,Unknown,WR,888333.0,885000.0,3333.0,0.0,0.0,0.0,125000.0,0.0
KC Eziomume,CHI,Unknown,CB,888000.0,885000.0,3000.0,0.0,0.0,0.0,0.0,0.0
Hayden Large,CHI,Unknown,TE,887500.0,885000.0,2500.0,0.0,0.0,0.0,60000.0,0.0
Gabriel Plascencia,CHI,Unknown,K,886666.0,885000.0,1666.0,0.0,0.0,0.0,0.0,0.0
Luke Elkin,CHI,Unknown,LS,885000.0,885000.0,0.0,0.0,0.0,0.0,0.0,0.0
Dontae Manning,CHI,Unknown,CB,885000.0,885000.0,0.0,0.0,0.0,0.0,0.0,0.0
Jeremiah Martin,CHI,Unknown,EDGE,885000.0,885000.0,0.0,0.0,0.0,0.0,0.0,0.0
Qadir Ismail,CHI,Unknown,WR,885000.0,885000.0,0.0,0.0,0.0,0.0,0.0,0.0
Sam Roush,CHI,Unknown,TE,885000.0,885000.0,0.0,0.0,0.0,0.0,0.0,0.0
J.P. Richardson,CHI,Unknown,WR,885000.0,885000.0,0.0,0.0,0.0,0.0,0.0,0.0
Kyron Hudson,CHI,Unknown,WR,885000.0,885000.0,0.0,0.0,0.0,0.0,0.0,0.0
Wayne Matthews,CHI,Unknown,LB,885000.0,885000.0,0.0,0.0,0.0,0.0,0.0,0.0
Dillon Thieneman,CHI,Unknown,S,885000.0,885000.0,0.0,0.0,0.0,0.0,0.0,0.0
Logan Jones,CHI,Unknown,C,885000.0,885000.0,0.0,0.0,0.0,0.0,0.0,0.0
Joe Burrow,CIN,Unknown,QB,47999784.0,25250000.0,7749784.0,15000000.0,0.0,0.0,25250000.0,0.0
Tee Higgins,CIN,Unknown,WR,26514706.0,10900000.0,3750000.0,0.0,10000000.0,100000.0,10000000.0,0.0
Ja'Marr Chase,CIN,Unknown,WR,26171176.0,17730000.0,4400000.0,3000000.0,0.0,100000.0,18830000.0,0.0
Orlando Brown Jr.,CIN,Unknown,OT,19291666.0,3500000.0,12441666.0,0.0,14000000.0,350000.0,0.0,0.0
Boye Mafe,CIN,Unknown,EDGE,17000000.0,7400000.0,5000000.0,0.0,4000000.0,100000.0,0.0,0.0
Dexter Lawrence,CIN,Unknown,IDL,15333333.0,11000000.0,3333333.0,0.0,10000000.0,0.0,0.0,0.0
Daxton Hill,CIN,Unknown,CB,12682000.0,12682000.0,0.0,0.0,0.0,0.0,12682000.0,0.0
B.J. Hill,CIN,Unknown,IDL,12116666.0,6000000.0,3666666.0,0.0,2000000.0,100000.0,0.0,0.0
Bryan Cook,CIN,Unknown,S,10666666.0,3400000.0,3666666.0,0.0,3000000.0,100000.0,3000000.0,0.0
Jonathan Allen,CIN,Unknown,IDL,9750000.0,2400000.0,3750000.0,0.0,10500000.0,100000.0,0.0,0.0
Tedarrell Slaton,CIN,Unknown,IDL,9160000.0,5720000.0,2500000.0,0.0,0.0,100000.0,0.0,0.0
Mike Gesicki,CIN,Unknown,TE,7584313.0,3050000.0,2166666.0,0.0,2000000.0,100000.0,0.0,0.0
Evan McPherson,CIN,Unknown,K,4983333.0,2800000.0,1250000.0,833333.0,0.0,100000.0,0.0,0.0
Ted Karras,CIN,Unknown,C,4500000.0,3400000.0,500000.0,0.0,0.0,100000.0,0.0,0.0
Shemar Stewart,CIN,Unknown,EDGE,4311199.0,1005000.0,2608959.0,0.0,697240.0,0.0,1702240.0,0.0
Amarius Mims,CIN,Unknown,OT,4192243.0,1075000.0,1999829.0,0.0,1117414.0,0.0,2192414.0,0.0
D.J. Turner,CIN,Unknown,CB,4044007.0,3674000.0,370007.0,0.0,0.0,0.0,0.0,0.0
Myles Murphy,CIN,Unknown,EDGE,4005036.0,2466444.0,1538592.0,0.0,0.0,0.0,2466444.0,0.0
Jordan Battle,CIN,Unknown,S,3892185.0,3674000.0,218185.0,0.0,0.0,0.0,0.0,0.0
Chase Brown,CIN,Unknown,RB,3745539.0,3674000.0,71539.0,0.0,0.0,0.0,0.0,0.0
Dalton Risner,CIN,Unknown,OG,3720589.0,1650000.0,1000000.0,0.0,0.0,100000.0,0.0,0.0
Andrei Iosivas,CIN,Unknown,WR,3713848.0,3674000.0,39848.0,0.0,0.0,0.0,0.0,0.0
Joe Flacco,CIN,Unknown,QB,3333333.0,1300000.0,1333333.0,0.0,0.0,0.0,0.0,0.0
Drew Sample,CIN,Unknown,TE,2850000.0,2550000.0,0.0,0.0,0.0,50000.0,0.0,0.0
Oren Burks,CIN,Unknown,LB,2675000.0,1690000.0,375000.0,0.0,0.0,100000.0,0.0,0.0
Kris Jenkins Jr.,CIN,Unknown,IDL,2143763.0,1509588.0,634175.0,0.0,0.0,0.0,996328.0,0.0
Demetrius Knight,CIN,Unknown,LB,2048295.0,1249659.0,798636.0,0.0,0.0,0.0,1249659.0,0.0
Samaje Perine,CIN,Unknown,RB,2000000.0,1400000.0,200000.0,0.0,400000.0,0.0,400000.0,0.0
Cody Ford,CIN,Unknown,OG,1800000.0,1300000.0,500000.0,0.0,0.0,0.0,0.0,0.0
McKinnley Jackson,CIN,Unknown,IDL,1526267.0,1303756.0,222511.0,0.0,0.0,0.0,0.0,0.0
Josh Johnson,CIN,Unknown,WR,1500000.0,1300000.0,200000.0,0.0,0.0,0.0,0.0,0.0
Jalen Davis,CIN,Unknown,CB,1486765.0,1300000.0,100000.0,0.0,0.0,25000.0,0.0,0.0
Dylan Fairchild,CIN,Unknown,OG,1459359.0,1131872.0,327487.0,0.0,0.0,0.0,0.0,0.0
Tacario Davis,CIN,Unknown,CB,1315713.0,885000.0,430713.0,0.0,0.0,0.0,0.0,0.0
Charlie Jones,CIN,Unknown,WR,1314694.0,1145000.0,169694.0,0.0,0.0,0.0,0.0,0.0
Erick All,CIN,Unknown,TE,1273276.0,1075000.0,198276.0,0.0,0.0,0.0,0.0,0.0
Kyle Dugger,CIN,Unknown,S,1262500.0,1215000.0,75000.0,0.0,87500.0,25000.0,0.0,0.0
Barrett Carter,CIN,Unknown,LB,1250529.0,1005000.0,245529.0,0.0,0.0,0.0,0.0,0.0
Joe Giles-Harris,CIN,Unknown,LB,1235000.0,12145000.0,0.0,0.0,0.0,20000.0,0.0,0.0
D.J. Ivey,CIN,Unknown,CB,1165164.0,1145000.0,20164.0,0.0,0.0,0.0,0.0,0.0
Josh Newton,CIN,Unknown,CB,1159319.0,1075000.0,84319.0,0.0,0.0,0.0,0.0,0.0
Connor Lew,CIN,Unknown,C,1151089.0,885000.0,266089.0,0.0,0.0,0.0,0.0,0.0
Isaiah Foskey,CIN,Unknown,EDGE,1145000.0,1145000.0,0.0,0.0,0.0,0.0,0.0,0.0
Russ Yeast,CIN,Unknown,S,1145000.0,1145000.0,0.0,0.0,0.0,0.0,0.0,0.0
Gary Brightwell,CIN,Unknown,RB,1145000.0,1145000.0,0.0,0.0,0.0,0.0,0.0,0.0
Tanner Hudson,CIN,Unknown,TE,1125000.0,1300000.0,50000.0,0.0,0.0,0.0,0.0,0.0
Jalen Rivers,CIN,Unknown,OT,1110247.0,1005000.0,105247.0,0.0,0.0,0.0,0.0,0.0
Cedric Johnson,CIN,Unknown,EDGE,1109597.0,1075000.0,34597.0,0.0,0.0,0.0,0.0,0.0
Daijahn Anthony,CIN,Unknown,S,1104446.0,1075000.0,29446.0,0.0,0.0,0.0,0.0,0.0
Shaka Heyward,CIN,Unknown,LB,1095000.0,1075000.0,0.0,0.0,0.0,20000.0,0.0,0.0
Colbie Young,CIN,Unknown,WR,1082259.0,885000.0,197259.0,0.0,0.0,0.0,0.0,0.0
Jordan Jefferson,CIN,Unknown,IDL,1075000.0,1075000.0,0.0,0.0,0.0,0.0,0.0,0.0
Ja'Sir Taylor,CIN,Unknown,CB,1075000.0,1215000.0,0.0,0.0,0.0,0.0,0.0,0.0
Kendric Pryor,CIN,Unknown,WR,1075000.0,1075000.0,0.0,0.0,0.0,0.0,0.0,0.0
Swayze Bozeman,CIN,Unknown,LB,1075000.0,1075000.0,0.0,0.0,0.0,0.0,0.0,0.0
Mitchell Tinsley,CIN,Unknown,WR,1075000.0,1075000.0,0.0,0.0,0.0,0.0,0.0,0.0
Cam Grandy,CIN,Unknown,TE,1075000.0,1075000.0,0.0,0.0,0.0,0.0,0.0,0.0
Sean Clifford,CIN,Unknown,QB,1075000.0,1075000.0,0.0,0.0,0.0,0.0,0.0,0.0
Ryan Rehkow,CIN,Unknown,P,1075000.0,1075000.0,0.0,0.0,0.0,0.0,0.0,0.0
Tahj Brooks,CIN,Unknown,RB,1062714.0,1005000.0,57714.0,0.0,0.0,0.0,0.0,0.0
William Wagner,CIN,Unknown,LS,1008333.0,1005000.0,3333.0,0.0,0.0,0.0,0.0,0.0
Ke'Shawn Williams,CIN,Unknown,WR,1005000.0,1005000.0,0.0,0.0,0.0,0.0,0.0,0.0
Javon Foster,CIN,Unknown,OT,1005000.0,1005000.0,0.0,0.0,0.0,0.0,0.0,0.0
Kendall Milton,CIN,Unknown,RB,1005000.0,1005000.0,0.0,0.0,0.0,0.0,0.0,0.0
Bralyn Lux,CIN,Unknown,CB,1005000.0,1005000.0,0.0,0.0,0.0,0.0,0.0,0.0
P.J. Jules,CIN,Unknown,S,1005000.0,1005000.0,0.0,0.0,0.0,0.0,0.0,0.0
Howard Cross III,CIN,Unknown,IDL,1005000.0,1005000.0,0.0,0.0,0.0,0.0,0.0,0.0
Liam Anderson,CIN,Unknown,LB,1005000.0,1005000.0,0.0,0.0,0.0,0.0,0.0,0.0
Brian Parker II,CIN,Unknown,C,959455.0,885000.0,74455.0,0.0,0.0,0.0,0.0,0.0
Jack Endries,CIN,Unknown,TE,927754.0,885000.0,42754.0,0.0,0.0,0.0,0.0,0.0
Landon Robinson,CIN,Unknown,IDL,925571.0,885000.0,40571.0,0.0,0.0,0.0,0.0,0.0
Christian Jones,CIN,Unknown,LB,901666.0,885000.0,16666.0,0.0,0.0,0.0,0.0,0.0
Isaiah Nwokobia,CIN,Unknown,S,891666.0,885000.0,6666.0,0.0,0.0,0.0,0.0,0.0
Corey Robinson II,CIN,Unknown,OT,891666.0,885000.0,6666.0,0.0,0.0,0.0,0.0,0.0
Kentrel Bullock,CIN,Unknown,RB,890000.0,885000.0,5000.0,0.0,0.0,0.0,0.0,0.0
Josh Kattus,CIN,Unknown,TE,890000.0,885000.0,5000.0,0.0,0.0,0.0,0.0,0.0
Eric Gentry,CIN,Unknown,LB,890000.0,885000.0,5000.0,0.0,0.0,0.0,0.0,0.0
Jack Dingle,CIN,Unknown,LB,890000.0,885000.0,5000.0,0.0,0.0,0.0,0.0,0.0
Ceyair Wright,CIN,Unknown,CB,890000.0,885000.0,5000.0,0.0,0.0,0.0,0.0,0.0
Dohnte Meyers,CIN,Unknown,WR,888333.0,885000.0,3333.0,0.0,0.0,0.0,0.0,0.0
Noah Thomas,CIN,Unknown,WR,888333.0,885000.0,3333.0,0.0,0.0,0.0,0.0,0.0
Liam Brown,CIN,Unknown,OG,886666.0,885000.0,1666.0,0.0,0.0,0.0,0.0,0.0
Jamal Haynes,CIN,Unknown,RB,885333.0,885000.0,333.0,0.0,0.0,0.0,0.0,0.0
Cashius Howell,CIN,Unknown,EDGE,885000.0,885000.0,0.0,0.0,0.0,0.0,0.0,0.0
Andrew Coker,CIN,Unknown,OT,885000.0,885000.0,0.0,0.0,0.0,0.0,0.0,0.0
Jacob Bayer,CIN,Unknown,C,885000.0,885000.0,0.0,0.0,0.0,0.0,0.0,0.0
Xavier Johnson,CIN,Unknown,WR,885000.0,885000.0,0.0,0.0,0.0,0.0,0.0,0.0
Jalen Kimber,CIN,Unknown,CB,885000.0,885000.0,0.0,0.0,0.0,0.0,0.0,0.0
Jordan Moore,CIN,Unknown,WR,885000.0,885000.0,0.0,0.0,0.0,0.0,0.0,0.0
Antwaun Powell-Ryland,CIN,Unknown,EDGE,885000.0,885000.0,0.0,0.0,0.0,0.0,0.0,0.0
Deshaun Watson,CLE,Unknown,QB,40959128.0,1300000.0,39659128.0,0.0,0.0,0.0,1300000.0,0.0
Denzel Ward,CLE,Unknown,CB,30893412.0,16900000.0,9784000.0,3680000.0,0.0,0.0,0.0,0.0
Myles Garrett,CLE,Unknown,EDGE,23874000.0,1300000.0,15534000.0,5840000.0,0.0,1000000.0,31500000.0,0.0
Jerry Jeudy,CLE,Unknown,WR,10372400.0,1500000.0,3575000.0,5297400.0,0.0,0.0,6000000.0,0.0
Mason Graham,CLE,Unknown,IDL,9289589.0,1005000.0,6591671.0,0.0,1692918.0,0.0,2697918.0,0.0
Grant Delpit,CLE,Unknown,S,8033000.0,1215000.0,1200000.0,4853000.0,0.0,0.0,0.0,0.0
Tytus Howard,CLE,Unknown,OT,5981176.0,1300000.0,3740000.0,3681000.0,0.0,0.0,2300000.0,0.0
Spencer Fano,CLE,Unknown,OT,5864696.0,885000.0,4979696.0,0.0,0.0,0.0,885000.0,0.0
Maliek Collins,CLE,Unknown,IDL,5327824.0,1300000.0,1449000.0,1420000.0,0.0,100000.0,3000000.0,0.0
Zion Johnson,CLE,Unknown,OG,5145000.0,1215000.0,3420000.0,0.0,0.0,100000.0,1725000.0,0.0
Tyson Campbell,CLE,Unknown,CB,4916000.0,1616000.0,0.0,2300000.0,0.0,500000.0,1616000.0,0.0
Alex Wright,CLE,Unknown,EDGE,3970995.0,1215000.0,695466.0,1237000.0,0.0,100000.0,8400000.0,0.0
Cedric Tillman,CLE,Unknown,WR,3944084.0,3621500.0,270084.0,0.0,0.0,52500.0,0.0,0.0
Isaiah McGuire,CLE,Unknown,EDGE,3851982.0,3674000.0,177982.0,0.0,0.0,0.0,0.0,0.0
Elgton Jenkins,CLE,Unknown,OG,3769412.0,1300000.0,1940000.0,0.0,0.0,100000.0,2400000.0,0.0
Ronnie Hickman,CLE,Unknown,S,3520000.0,3520000.0,0.0,0.0,0.0,0.0,0.0,0.0
Teven Jenkins,CLE,Unknown,OG,2732000.0,2000000.0,692000.0,0.0,0.0,40000.0,2000000.0,0.0
Carson Schwesinger,CLE,Unknown,LB,2681909.0,1376382.0,1305527.0,0.0,0.0,0.0,1376382.0,0.0
Quincy Williams,CLE,Unknown,LB,2628000.0,1300000.0,938000.0,0.0,0.0,50000.0,1810000.0,0.0
Quinshon Judkins,CLE,Unknown,RB,2591390.0,1358278.0,1233112.0,0.0,0.0,0.0,1358278.0,0.0
Denzel Boston,CLE,Unknown,WR,2251926.0,885000.0,1366926.0,0.0,0.0,0.0,885000.0,0.0
Wyatt Teller,CLE,Unknown,OG,2100000.0,0.0,8293000.0,0.0,0.0,0.0,0.0,0.0
Kalia Davis,CLE,Unknown,IDL,2000000.0,1395000.0,350000.0,0.0,0.0,0.0,1395000.0,0.0
Michael Hall Jr.,CLE,Unknown,IDL,1928135.0,1437712.0,490423.0,0.0,0.0,0.0,506362.0,0.0
Zak Zinter,CLE,Unknown,OG,1564020.0,1261340.0,247680.0,0.0,0.0,55000.0,0.0,0.0
Harold Fannin Jr.,CLE,Unknown,TE,1532474.0,1096574.0,385979.0,0.0,0.0,55000.0,0.0,0.0
Emmanuel McNeil-Warren,CLE,Unknown,S,1518217.0,885000.0,633217.0,0.0,0.0,0.0,885000.0,0.0
Dawand Jones,CLE,Unknown,OT,1488084.0,1145000.0,298084.0,0.0,0.0,0.0,1145000.0,0.0
Corey Bojorquez,CLE,Unknown,P,1487500.0,1812500.0,187500.0,0.0,0.0,0.0,750000.0,0.0
Dillon Gabriel,CLE,Unknown,QB,1415073.0,1005000.0,292058.0,0.0,118015.0,0.0,0.0,0.0
Daniel Thomas,CLE,Unknown,S,1357500.0,1215000.0,142500.0,0.0,0.0,0.0,800000.0,0.0
David Njoku,CLE,Unknown,TE,1300000.0,0.0,2977000.0,6557000.0,0.0,0.0,0.0,0.0
Tylan Wallace,CLE,Unknown,WR,1262500.0,1215000.0,125000.0,0.0,0.0,0.0,0.0,0.0
Myles Bryant,CLE,Unknown,CB,1262500.0,1215000.0,187500.0,0.0,0.0,0.0,330000.0,0.0
Austin Barber,CLE,Unknown,OT,1249841.0,885000.0,364841.0,0.0,0.0,0.0,0.0,0.0
Dylan Sampson,CLE,Unknown,RB,1237641.0,1005000.0,232641.0,0.0,0.0,0.0,0.0,0.0
Kendrick Green,CLE,Unknown,OG,1215000.0,1215000.0,0.0,0.0,0.0,0.0,0.0,0.0
Luke Wypler,CLE,Unknown,OG,1189993.0,1145000.0,44993.0,0.0,0.0,0.0,0.0,0.0
Jack Stoll,CLE,Unknown,TE,1163235.0,1215000.0,0.0,0.0,0.0,0.0,0.0,0.0
Markees Watts,CLE,Unknown,EDGE,1145000.0,1145000.0,0.0,0.0,0.0,0.0,0.0,0.0
Blake Whiteheart,CLE,Unknown,TE,1145000.0,1145000.0,0.0,0.0,0.0,0.0,0.0,0.0
Michael Burton,CLE,Unknown,RB,1135000.0,1300000.0,60000.0,0.0,40000.0,0.0,0.0,0.0
Shedeur Sanders,CLE,Unknown,QB,1116845.0,1005000.0,111845.0,0.0,0.0,0.0,0.0,0.0
Myles Harden,CLE,Unknown,CB,1102583.0,1075000.0,27583.0,0.0,0.0,0.0,0.0,0.0
Malachi Corley,CLE,Unknown,WR,1075000.0,1075000.0,0.0,0.0,0.0,0.0,0.0,0.0
Elijah Chatman,CLE,Unknown,EDGE,1075000.0,1075000.0,0.0,0.0,0.0,0.0,0.0,0.0
Nathaniel Watson,CLE,Unknown,LB,1075000.0,1075000.0,0.0,0.0,0.0,0.0,0.0,0.0
Rex Sunahara,CLE,Unknown,LS,1075000.0,1075000.0,0.0,0.0,0.0,0.0,0.0,0.0
Jamari Thrash,CLE,Unknown,WR,1075000.0,1075000.0,0.0,0.0,0.0,0.0,0.0,0.0
Brenden Bates,CLE,Unknown,TE,1075000.0,1075000.0,0.0,0.0,0.0,0.0,0.0,0.0
D'Angelo Ross,CLE,Unknown,CB,1075000.0,1215000.0,0.0,0.0,0.0,0.0,0.0,0.0
Tre Avery,CLE,Unknown,CB,1075000.0,1215000.0,0.0,0.0,0.0,0.0,0.0,0.0
Julian Okwara,CLE,Unknown,EDGE,1075000.0,1215000.0,0.0,0.0,0.0,0.0,0.0,0.0
Tyre Phillips,CLE,Unknown,OG,1075000.0,1215000.0,0.0,0.0,0.0,0.0,0.0,0.0
Sam Kamara,CLE,Unknown,IDL,1075000.0,1215000.0,0.0,0.0,0.0,0.0,0.0,0.0
Isaiah Bond,CLE,Unknown,WR,1022666.0,1005000.0,17666.0,0.0,0.0,0.0,1005000.0,0.0
Parker Brailsford,CLE,Unknown,C,1017544.0,885000.0,132544.0,0.0,0.0,0.0,0.0,0.0
Justin Jefferson,CLE,Unknown,LB,1015264.0,885000.0,130264.0,0.0,0.0,0.0,0.0,0.0
Adin Huntington,CLE,Unknown,EDGE,1011666.0,1005000.0,6666.0,0.0,0.0,0.0,0.0,0.0
Donovan McMillon,CLE,Unknown,S,1008333.0,1005000.0,3333.0,0.0,0.0,0.0,0.0,0.0
Easton Mascarenas-Arnold,CLE,Unknown,LB,1008333.0,1005000.0,3333.0,0.0,0.0,0.0,0.0,0.0
Raheim Sanders,CLE,Unknown,RB,1005000.0,1005000.0,0.0,0.0,0.0,0.0,0.0,0.0
K.T. Leveston,CLE,Unknown,OG,1005000.0,1005000.0,0.0,0.0,0.0,0.0,0.0,0.0
Edefuan Ulofoshio,CLE,Unknown,LB,1005000.0,1005000.0,0.0,0.0,0.0,0.0,0.0,0.0
Jeremiah Byers,CLE,Unknown,OT,1005000.0,1005000.0,0.0,0.0,0.0,0.0,0.0,0.0
Gage Larvadain,CLE,Unknown,WR,1005000.0,1005000.0,0.0,0.0,0.0,0.0,0.0,0.0
Winston Reid,CLE,Unknown,LB,1005000.0,1005000.0,0.0,0.0,0.0,0.0,0.0,0.0
Andre Szmyt,CLE,Unknown,K,1005000.0,1005000.0,0.0,0.0,0.0,0.0,0.0,0.0
Dom Jones,CLE,Unknown,CB,1005000.0,1005000.0,0.0,0.0,0.0,0.0,0.0,0.0
Kingsley Eguakun,CLE,Unknown,C,1005000.0,1005000.0,0.0,0.0,0.0,0.0,0.0,0.0
Chris Edmonds,CLE,Unknown,RB,1005000.0,1005000.0,0.0,0.0,0.0,0.0,0.0,0.0
Joe Royer,CLE,Unknown,TE,993149.0,885000.0,108149.0,0.0,0.0,0.0,0.0,0.0
Taylen Green,CLE,Unknown,QB,969541.0,885000.0,84541.0,0.0,0.0,0.0,0.0,0.0
Carsen Ryan,CLE,Unknown,TE,915122.0,885000.0,30122.0,0.0,0.0,0.0,0.0,0.0
Logan Fano,CLE,Unknown,EDGE,896666.0,885000.0,11666.0,0.0,0.0,0.0,275000.0,0.0
Khordae Sydnor,CLE,Unknown,EDGE,894166.0,885000.0,9166.0,0.0,0.0,0.0,247500.0,0.0
Tyreak Sapp,CLE,Unknown,EDGE,893333.0,885000.0,8333.0,0.0,0.0,0.0,35000.0,0.0
Michael Coats Jr.,CLE,Unknown,CB,890000.0,885000.0,5000.0,0.0,0.0,0.0,100000.0,0.0
Nate Evans,CLE,Unknown,CB,890000.0,885000.0,5000.0,0.0,0.0,0.0,115000.0,0.0
Davon Booth,CLE,Unknown,RB,890000.0,885000.0,5000.0,0.0,0.0,0.0,150000.0,0.0
Izavion Miller,CLE,Unknown,OG,886666.0,885000.0,1666.0,0.0,0.0,0.0,50000.0,0.0
Wes Pahl,CLE,Unknown,P,886666.0,885000.0,1666.0,0.0,0.0,0.0,50000.0,0.0
Kole Wilson,CLE,Unknown,WR,886666.0,885000.0,1666.0,0.0,0.0,0.0,50000.0,0.0
Zion Washington,CLE,Unknown,S,886666.0,885000.0,1666.0,0.0,0.0,0.0,0.0,0.0
Nik Constantinou,CLE,Unknown,P,885000.0,885000.0,0.0,0.0,0.0,0.0,0.0,0.0
Jack Conley,CLE,Unknown,OG,885000.0,885000.0,0.0,0.0,0.0,0.0,0.0,0.0
Luke Floriea,CLE,Unknown,WR,885000.0,885000.0,0.0,0.0,0.0,0.0,0.0,0.0
Ahmani Marshall,CLE,Unknown,RB,885000.0,885000.0,0.0,0.0,0.0,0.0,0.0,0.0
T.J. Harden,CLE,Unknown,RB,885000.0,885000.0,0.0,0.0,0.0,0.0,25000.0,0.0
Reid Carrico,CLE,Unknown,LB,885000.0,885000.0,0.0,0.0,0.0,0.0,0.0,0.0
Aaron Anderson,CLE,Unknown,WR,885000.0,885000.0,0.0,0.0,0.0,0.0,0.0,0.0
KC Concepcion,CLE,Unknown,WR,885000.0,885000.0,0.0,0.0,0.0,0.0,0.0,0.0
Tyron Herring,CLE,Unknown,CB,885000.0,885000.0,0.0,0.0,0.0,0.0,0.0,0.0
Dak Prescott,DAL,Unknown,QB,43508430.0,1800000.0,41708430.0,0.0,0.0,0.0,1800000.0,0.0
George Pickens,DAL,Unknown,WR,27298000.0,27298000.0,0.0,0.0,0.0,0.0,27298000.0,0.0
Quinnen Williams,DAL,Unknown,IDL,21632353.0,20750000.0,0.0,0.0,0.0,0.0,7656000.0,0.0
CeeDee Lamb,DAL,Unknown,WR,19654314.0,1750000.0,17080785.0,0.0,0.0,0.0,2750000.0,0.0
DaRon Bland,DAL,Unknown,CB,17019618.0,12000000.0,4313726.0,0.0,0.0,0.0,13000000.0,0.0
Kenny Clark,DAL,Unknown,IDL,12700000.0,8800000.0,2200000.0,0.0,0.0,700000.0,0.0,0.0
Jake Ferguson,DAL,Unknown,TE,10400000.0,7250000.0,2400000.0,0.0,0.0,0.0,7250000.0,0.0
Tyler Smith,DAL,Unknown,OG,10302300.0,1722300.0,7580000.0,0.0,0.0,0.0,2722300.0,0.0
Terence Steele,DAL,Unknown,OT,8725000.0,1750000.0,6225000.0,0.0,0.0,0.0,2500000.0,0.0
Malik Hooker,DAL,Unknown,S,6558824.0,2750000.0,2750000.0,0.0,0.0,0.0,2750000.0,0.0
T.J. Bass,DAL,Unknown,OG,5767000.0,5767000.0,0.0,0.0,0.0,0.0,0.0,0.0
Rashan Gary,DAL,Unknown,EDGE,5700000.0,1800000.0,2900000.0,0.0,0.0,0.0,1800000.0,0.0
Caleb Downs,DAL,Unknown,S,5263998.0,885000.0,4378998.0,0.0,0.0,0.0,885000.0,0.0
Tyler Booker,DAL,Unknown,OG,5077894.0,1005000.0,3212725.0,0.0,860169.0,0.0,1865169.0,0.0
Kavontae Turpin,DAL,Unknown,WR,4641176.0,3000000.0,1200000.0,0.0,0.0,0.0,0.0,0.0
Jalen Thompson,DAL,Unknown,S,4622353.0,1800000.0,1940000.0,0.0,0.0,0.0,2800000.0,0.0
Bryan Anger,DAL,Unknown,P,4100000.0,3100000.0,1000000.0,0.0,0.0,0.0,0.0,0.0
Cobie Durant,DAL,Unknown,CB,4000000.0,1750000.0,1500000.0,0.0,0.0,0.0,0.0,0.0
P.J. Locke,DAL,Unknown,S,3970588.0,2000000.0,1500000.0,0.0,0.0,0.0,2000000.0,0.0
Javonte Williams,DAL,Unknown,RB,3891176.0,1750000.0,1200000.0,0.0,0.0,0.0,2750000.0,0.0
Dee Winters,DAL,Unknown,LB,3674000.0,3674000.0,0.0,0.0,0.0,0.0,0.0,0.0
Tyler Guyton,DAL,Unknown,OT,3587947.0,1990982.0,1596965.0,0.0,0.0,0.0,1990982.0,0.0
Brandon Aubrey,DAL,Unknown,K,3400000.0,1500000.0,1650000.0,0.0,0.0,0.0,1750000.0,0.0
Hunter Luepke,DAL,Unknown,RB,3000000.0,2000000.0,500000.0,0.0,0.0,0.0,2500000.0,0.0
Markquese Bell,DAL,Unknown,S,2833333.0,1500000.0,833333.0,0.0,0.0,0.0,1500000.0,0.0
Sam Williams,DAL,Unknown,EDGE,2500000.0,1400000.0,600000.0,0.0,0.0,0.0,1400000.0,0.0
Sam Howell,DAL,Unknown,QB,2500000.0,2000000.0,500000.0,0.0,0.0,0.0,2000000.0,0.0
Otito Ogbonnia,DAL,Unknown,IDL,2397059.0,1500000.0,500000.0,0.0,0.0,0.0,1500000.0,0.0
Donovan Ezeiruaku,DAL,Unknown,EDGE,2307975.0,1301595.0,1006380.0,0.0,0.0,0.0,1301595.0,0.0
Luke Schoonmaker,DAL,Unknown,TE,1993943.0,1604547.0,389396.0,0.0,0.0,0.0,0.0,0.0
Jonathan Bullard,DAL,Unknown,IDL,1941176.0,1500000.0,0.0,0.0,0.0,0.0,1500000.0,0.0
DeMarvion Overshown,DAL,Unknown,LB,1715007.0,1485003.0,230004.0,0.0,0.0,0.0,0.0,0.0
Cooper Beebe,DAL,Unknown,C,1619923.0,1334974.0,284949.0,0.0,0.0,0.0,0.0,0.0
Marist Liufau,DAL,Unknown,LB,1552231.0,1312410.0,239821.0,0.0,0.0,0.0,0.0,0.0
Trent Sieg,DAL,Unknown,LS,1483333.0,1300000.0,183333.0,0.0,0.0,0.0,1300000.0,0.0
Shavon Revel,DAL,Unknown,CB,1478805.0,1135761.0,343044.0,0.0,0.0,0.0,0.0,0.0
Derion Kendrick,DAL,Unknown,CB,1295000.0,1145000.0,0.0,0.0,0.0,0.0,0.0,0.0
Marquez Valdes-Scantling,DAL,Unknown,WR,1262500.0,1300000.0,187500.0,0.0,0.0,0.0,0.0,0.0
Matt Hennessy,DAL,Unknown,C,1262500.0,1215000.0,187500.0,0.0,0.0,0.0,1075000.0,0.0
Tyrus Wheat,DAL,Unknown,EDGE,1245000.0,1145000.0,100000.0,0.0,0.0,0.0,0.0,0.0
Jaishawn Barham,DAL,Unknown,LB,1239245.0,885000.0,354245.0,0.0,0.0,0.0,0.0,0.0
Drew Shelton,DAL,Unknown,OT,1183857.0,885000.0,298857.0,0.0,0.0,0.0,0.0,0.0
Devin Moore,DAL,Unknown,CB,1182383.0,885000.0,297383.0,0.0,0.0,0.0,0.0,0.0
Malik Davis,DAL,Unknown,RB,1145000.0,1145000.0,0.0,0.0,0.0,0.0,0.0,0.0
James Houston,DAL,Unknown,EDGE,1145000.0,1145000.0,0.0,0.0,0.0,0.0,0.0,0.0
Jonathan Mingo,DAL,Unknown,WR,1145000.0,1145000.0,0.0,0.0,0.0,0.0,0.0,0.0
Caelen Carson,DAL,Unknown,CB,1138569.0,1075000.0,63569.0,0.0,0.0,0.0,0.0,0.0
Jaydon Blue,DAL,Unknown,RB,1111767.0,1005000.0,106767.0,0.0,0.0,0.0,0.0,0.0
Shemar James,DAL,Unknown,LB,1110859.0,1005000.0,105859.0,0.0,0.0,0.0,0.0,0.0
L.T. Overton,DAL,Unknown,EDGE,1082259.0,885000.0,197259.0,0.0,0.0,0.0,0.0,0.0
Brevyn Spann-Ford,DAL,Unknown,TE,1081668.0,1075000.0,6668.0,0.0,0.0,0.0,0.0,0.0
Joe Milton III,DAL,Unknown,QB,1075000.0,1075000.0,0.0,0.0,0.0,0.0,0.0,0.0
Trevor Keegan,DAL,Unknown,OG,1075000.0,1075000.0,0.0,0.0,0.0,0.0,0.0,0.0
Josh Butler,DAL,Unknown,CB,1075000.0,1075000.0,0.0,0.0,0.0,0.0,0.0,0.0
Israel Abanikanda,DAL,Unknown,RB,1075000.0,1075000.0,0.0,0.0,0.0,0.0,0.0,0.0
Ryan Flournoy,DAL,Unknown,WR,1075000.0,1075000.0,0.0,0.0,0.0,0.0,0.0,0.0
Corey Ballentine,DAL,Unknown,CB,1075000.0,1300000.0,0.0,0.0,0.0,0.0,0.0,0.0
Isaiah Land,DAL,Unknown,EDGE,1075000.0,1075000.0,0.0,0.0,0.0,0.0,0.0,0.0
Parris Campbell,DAL,Unknown,WR,1075000.0,1215000.0,0.0,0.0,0.0,0.0,0.0,0.0
Nick Leverett,DAL,Unknown,OG,1075000.0,1215000.0,0.0,0.0,0.0,0.0,0.0,0.0
Tyler Johnson,DAL,Unknown,WR,1075000.0,1215000.0,0.0,0.0,0.0,0.0,0.0,0.0
Curtis Robinson,DAL,Unknown,LB,1075000.0,1215000.0,0.0,0.0,0.0,0.0,0.0,0.0
Ajani Cornelius,DAL,Unknown,OT,1058494.0,1005000.0,53494.0,0.0,0.0,0.0,0.0,0.0
Jay Toia,DAL,Unknown,IDL,1043279.0,1005000.0,38279.0,0.0,0.0,0.0,0.0,0.0
Nathan Thomas,DAL,Unknown,OT,1031493.0,1005000.0,26493.0,0.0,0.0,0.0,0.0,0.0
Zion Childress,DAL,Unknown,CB,1005000.0,1005000.0,0.0,0.0,0.0,0.0,0.0,0.0
Reddy Steward,DAL,Unknown,CB,1005000.0,1005000.0,0.0,0.0,0.0,0.0,0.0,0.0
Julius Wood,DAL,Unknown,S,1005000.0,1005000.0,0.0,0.0,0.0,0.0,0.0,0.0
Alijah Clark,DAL,Unknown,S,1005000.0,1005000.0,0.0,0.0,0.0,0.0,0.0,0.0
Princeton Fant,DAL,Unknown,TE,1005000.0,1005000.0,0.0,0.0,0.0,0.0,0.0,0.0
Trikweze Bridges,DAL,Unknown,S,1005000.0,1005000.0,0.0,0.0,0.0,0.0,0.0,0.0
Anthony Smith,DAL,Unknown,WR,930215.0,885000.0,45215.0,0.0,0.0,0.0,0.0,0.0
Phil Mafah,DAL,Unknown,RB,912883.0,885000.0,27883.0,0.0,0.0,0.0,0.0,0.0
Michael Trigg,DAL,Unknown,TE,895833.0,885000.0,10833.0,0.0,0.0,0.0,247500.0,0.0
D.J. Rogers,DAL,Unknown,TE,893333.0,885000.0,8333.0,0.0,0.0,0.0,175000.0,0.0
Jordan Hudson,DAL,Unknown,WR,890000.0,885000.0,5000.0,0.0,0.0,0.0,90000.0,0.0
Camden Brown,DAL,Unknown,WR,890000.0,885000.0,5000.0,0.0,0.0,0.0,90000.0,0.0
Dominic Richardson,DAL,Unknown,RB,886666.0,885000.0,1666.0,0.0,0.0,0.0,45000.0,0.0
Kelvin Gilliam,DAL,Unknown,IDL,886666.0,885000.0,1666.0,0.0,0.0,0.0,45000.0,0.0
Langston Patterson,DAL,Unknown,LB,886666.0,885000.0,1666.0,0.0,0.0,0.0,45000.0,0.0
Tommy Dunn,DAL,Unknown,IDL,886666.0,885000.0,1666.0,0.0,0.0,0.0,45000.0,0.0
DJ Withers,DAL,Unknown,IDL,886000.0,885000.0,1000.0,0.0,0.0,0.0,0.0,0.0
Shiyazh Pete,DAL,Unknown,OT,886000.0,885000.0,1000.0,0.0,0.0,0.0,0.0,0.0
D.J. Wingfield,DAL,Unknown,OG,885000.0,885000.0,0.0,0.0,0.0,0.0,0.0,0.0
Malachi Lawrence,DAL,Unknown,EDGE,885000.0,885000.0,0.0,0.0,0.0,0.0,0.0,0.0
Justin Barron,DAL,Unknown,LB,885000.0,885000.0,0.0,0.0,0.0,0.0,0.0,0.0
Traeshon Holden,DAL,Unknown,WR,885000.0,885000.0,0.0,0.0,0.0,0.0,0.0,0.0
Marcellus Johnson,DAL,Unknown,OT,885000.0,885000.0,0.0,0.0,0.0,0.0,0.0,0.0
Adedayo Odeleye,DAL,Unknown,EDGE,885000.0,885000.0,0.0,0.0,0.0,0.0,0.0,0.0
Mike McGlinchey,DEN,Unknown,OT,23775000.0,16990000.0,6275000.0,0.0,0.0,0.0,0.0,0.0
Ben Powers,DEN,Unknown,OG,18155000.0,12490000.0,5425000.0,0.0,0.0,0.0,0.0,0.0
Patrick Surtain II,DEN,Unknown,CB,16832000.0,7632000.0,3000000.0,6200000.0,0.0,0.0,7632000.0,0.0
Zach Allen,DEN,Unknown,IDL,16477000.0,1300000.0,11375000.0,3037000.0,0.0,0.0,17250000.0,0.0
D.J. Jones,DEN,Unknown,IDL,14570000.0,12490000.0,1600000.0,0.0,0.0,0.0,13000000.0,0.0
Evan Engram,DEN,Unknown,TE,14136666.0,10990000.0,2666666.0,0.0,0.0,0.0,5000000.0,0.0
Courtland Sutton,DEN,Unknown,WR,13975000.0,4735000.0,6075000.0,2400000.0,0.0,0.0,17500000.0,0.0
Talanoa Hufanga,DEN,Unknown,S,13500000.0,11000000.0,1500000.0,0.0,0.0,0.0,11000000.0,0.0
Brandon Jones,DEN,Unknown,S,9243334.0,6990000.0,1833334.0,0.0,0.0,0.0,0.0,0.0
Quinn Meinerz,DEN,Unknown,OG,9208200.0,1215000.0,5428200.0,2055000.0,0.0,0.0,1215000.0,0.0
Garett Bolles,DEN,Unknown,OT,8452000.0,2300000.0,800000.0,4587000.0,0.0,0.0,18235000.0,0.0
Nik Bonitto,DEN,Unknown,EDGE,8421200.0,1215000.0,4400000.0,2806200.0,0.0,0.0,1215000.0,0.0
Dre Greenlaw,DEN,Unknown,LB,8190000.0,7470000.0,2166666.0,0.0,0.0,0.0,0.0,0.0
Jarrett Stidham,DEN,Unknown,QB,8000000.0,5990000.0,1500000.0,0.0,0.0,0.0,2000000.0,0.0
Marvin Mims,DEN,Unknown,WR,6120388.0,5767000.0,353388.0,0.0,0.0,0.0,0.0,0.0
J.K. Dobbins,DEN,Unknown,RB,6000000.0,4000000.0,2000000.0,0.0,0.0,0.0,4000000.0,0.0
Alex Singleton,DEN,Unknown,LB,5970000.0,3990000.0,1500000.0,0.0,0.0,0.0,4500000.0,0.0
Jonathon Cooper,DEN,Unknown,EDGE,5780000.0,1215000.0,4055000.0,0.0,0.0,0.0,1725000.0,0.0
Ja'Quan McMillian,DEN,Unknown,CB,5767000.0,5767000.0,0.0,0.0,0.0,0.0,0.0,0.0
Bo Nix,DEN,Unknown,QB,5076318.0,1075000.0,2589212.0,0.0,1412106.0,0.0,2487106.0,0.0
Jaylen Waddle,DEN,Unknown,WR,4878200.0,1215000.0,3083200.0,0.0,0.0,100000.0,1215000.0,0.0
Jahdae Barron,DEN,Unknown,CB,4107540.0,1661508.0,2446032.0,0.0,0.0,0.0,1661508.0,0.0
Riley Moss,DEN,Unknown,CB,3914453.0,3674000.0,240453.0,0.0,0.0,0.0,0.0,0.0
Luke Wattenberg,DEN,Unknown,C,3572000.0,1215000.0,400000.0,1957000.0,0.0,0.0,1215000.0,0.0
Adam Trautman,DEN,Unknown,TE,3333333.0,1745000.0,1333333.0,0.0,0.0,0.0,1745000.0,0.0
Justin Strnad,DEN,Unknown,LB,3286666.0,1245000.0,1721666.0,0.0,0.0,0.0,1245000.0,0.0
Alex Palczewski,DEN,Unknown,OT,3250000.0,1575000.0,1250000.0,0.0,0.0,0.0,1575000.0,0.0
Malcolm Roach,DEN,Unknown,IDL,3101333.0,1215000.0,500000.0,1026333.0,0.0,0.0,6856667.0,0.0
Wil Lutz,DEN,Unknown,K,2498666.0,1300000.0,1040000.0,158667.0,0.0,0.0,2093333.0,0.0
Matt Peart,DEN,Unknown,OT,2387647.0,1215000.0,975000.0,0.0,0.0,0.0,530000.0,0.0
Sam Ehlinger,DEN,Unknown,QB,2000000.0,2000000.0,0.0,0.0,0.0,0.0,1000000.0,0.0
Drew Sanders,DEN,Unknown,LB,1824688.0,1532010.0,292678.0,0.0,0.0,0.0,0.0,0.0
R.J. Harvey,DEN,Unknown,RB,1672653.0,1174531.0,498122.0,0.0,0.0,0.0,1174531.0,0.0
Jonah Elliss,DEN,Unknown,EDGE,1601104.0,1328702.0,272402.0,0.0,0.0,0.0,0.0,0.0
Nate Adkins,DEN,Unknown,TE,1555000.0,1165000.0,300000.0,0.0,0.0,0.0,0.0,0.0
Tycen Anderson,DEN,Unknown,S,1500000.0,1215000.0,200000.0,0.0,0.0,0.0,450000.0,0.0
Pat Bryant,DEN,Unknown,WR,1495700.0,1139140.0,356560.0,0.0,0.0,0.0,0.0,0.0
Mitchell Fraboni,DEN,Unknown,LS,1415000.0,1215000.0,200000.0,0.0,0.0,0.0,0.0,0.0
Sai'vion Jones,DEN,Unknown,IDL,1400269.0,1120054.0,280215.0,0.0,0.0,0.0,0.0,0.0
Jaleel McLaughlin,DEN,Unknown,RB,1385000.0,1145000.0,125000.0,0.0,75000.0,0.0,0.0,0.0
Lucas Krull,DEN,Unknown,TE,1360000.0,1145000.0,100000.0,0.0,100000.0,0.0,0.0,0.0
Troy Franklin,DEN,Unknown,WR,1288709.0,1075000.0,213709.0,0.0,0.0,0.0,0.0,0.0
Adam Prentice,DEN,Unknown,RB,1262500.0,1215000.0,187500.0,0.0,0.0,0.0,400000.0,0.0
Lil'Jordan Humphrey,DEN,Unknown,WR,1221323.0,1300000.0,87500.0,0.0,0.0,0.0,0.0,0.0
Que Robinson,DEN,Unknown,EDGE,1218564.0,1005000.0,213564.0,0.0,0.0,0.0,0.0,0.0
J.L. Skinner,DEN,Unknown,S,1194056.0,1145000.0,49056.0,0.0,0.0,0.0,0.0,0.0
Jonah Coleman,DEN,Unknown,RB,1193606.0,885000.0,308606.0,0.0,0.0,0.0,0.0,0.0
Kage Casey,DEN,Unknown,OG,1184552.0,885000.0,299552.0,0.0,0.0,0.0,0.0,0.0
Alex Forsyth,DEN,Unknown,C,1164446.0,1145000.0,19446.0,0.0,0.0,0.0,0.0,0.0
Kris Abrams-Draine,DEN,Unknown,CB,1162068.0,1075000.0,87068.0,0.0,0.0,0.0,0.0,0.0
Matt Henningsen,DEN,Unknown,IDL,1145000.0,1145000.0,0.0,0.0,0.0,0.0,0.0,0.0
Eyioma Uwazurike,DEN,Unknown,IDL,1145000.0,1145000.0,0.0,0.0,0.0,0.0,0.0,0.0
Michael Bandy,DEN,Unknown,WR,1085000.0,1075000.0,10000.0,0.0,0.0,0.0,0.0,0.0
Frank Crum,DEN,Unknown,OT,1083334.0,1075000.0,8334.0,0.0,0.0,0.0,0.0,0.0
Tyler Badie,DEN,Unknown,RB,1075000.0,1075000.0,0.0,0.0,0.0,0.0,0.0,0.0
Levelle Bailey,DEN,Unknown,LB,1075000.0,1075000.0,0.0,0.0,0.0,0.0,0.0,0.0
Dondrea Tillman,DEN,Unknown,EDGE,1075000.0,1075000.0,0.0,0.0,0.0,0.0,0.0,0.0
Michael Woods,DEN,Unknown,WR,1075000.0,1075000.0,0.0,0.0,0.0,0.0,0.0,0.0
Devon Key,DEN,Unknown,S,1075000.0,1075000.0,0.0,0.0,0.0,0.0,0.0,0.0
Jordan Jackson,DEN,Unknown,IDL,1075000.0,1075000.0,0.0,0.0,0.0,0.0,0.0,0.0
Cody Schrader,DEN,Unknown,RB,1075000.0,1075000.0,0.0,0.0,0.0,0.0,0.0,0.0
Calvin Throckmorton,DEN,Unknown,OG,1075000.0,1215000.0,0.0,0.0,0.0,0.0,0.0,0.0
Michael Deiter,DEN,Unknown,C,1075000.0,1215000.0,0.0,0.0,0.0,0.0,0.0,0.0
Jeremy Crawshaw,DEN,Unknown,P,1048570.0,1005000.0,43570.0,0.0,0.0,0.0,0.0,0.0
Nick Gargiulo,DEN,Unknown,OG,1034000.0,1005000.0,29000.0,0.0,0.0,0.0,0.0,0.0
Justin Joly,DEN,Unknown,TE,1011526.0,885000.0,126526.0,0.0,0.0,0.0,0.0,0.0
Karene Reid,DEN,Unknown,LB,1010000.0,1005000.0,5000.0,0.0,0.0,0.0,0.0,0.0
Jordan Turner,DEN,Unknown,LB,1005000.0,1005000.0,0.0,0.0,0.0,0.0,0.0,0.0
Reese Taylor,DEN,Unknown,CB,1005000.0,1005000.0,0.0,0.0,0.0,0.0,0.0,0.0
Miles Scott,DEN,Unknown,S,915942.0,885000.0,30942.0,0.0,0.0,0.0,0.0,0.0
Red Murdock,DEN,Unknown,LB,915122.0,885000.0,30122.0,0.0,0.0,0.0,0.0,0.0
Dallen Bentley,DEN,Unknown,TE,915122.0,885000.0,30122.0,0.0,0.0,0.0,0.0,0.0
Taurean York,DEN,Unknown,LB,893333.0,885000.0,8333.0,0.0,0.0,0.0,300000.0,0.0
Tyler Miller,DEN,Unknown,OT,893333.0,885000.0,8333.0,0.0,0.0,0.0,245000.0,0.0
Dasan McCullough,DEN,Unknown,EDGE,891666.0,885000.0,6666.0,0.0,0.0,0.0,245000.0,0.0
Brent Austin,DEN,Unknown,CB,891666.0,885000.0,6666.0,0.0,0.0,0.0,80000.0,0.0
Johnny Walker Jr.,DEN,Unknown,EDGE,891666.0,885000.0,6666.0,0.0,0.0,0.0,0.0,0.0
Dane Key,DEN,Unknown,WR,888333.0,885000.0,3333.0,0.0,0.0,0.0,20000.0,0.0
Parker Robertson,DEN,Unknown,S,888333.0,885000.0,3333.0,0.0,0.0,0.0,25000.0,0.0
Cam Ross,DEN,Unknown,WR,888333.0,885000.0,3333.0,0.0,0.0,0.0,40000.0,0.0
Joseph Manjack,DEN,Unknown,WR,888333.0,885000.0,3333.0,0.0,0.0,0.0,70000.0,0.0
Ahmari Harvey,DEN,Unknown,CB,888333.0,885000.0,3333.0,0.0,0.0,0.0,100000.0,0.0
Luke Basso,DEN,Unknown,LS,887500.0,885000.0,2500.0,0.0,0.0,0.0,20000.0,0.0
Gavin Ortega,DEN,Unknown,OT,887500.0,885000.0,2500.0,0.0,0.0,0.0,135000.0,0.0
Kolbe Katsis,DEN,Unknown,WR,886666.0,885000.0,1666.0,0.0,0.0,0.0,25000.0,0.0
Jaden Robinson,DEN,Unknown,CB,885000.0,885000.0,0.0,0.0,0.0,0.0,0.0,0.0
Kristian Williams,DEN,Unknown,IDL,885000.0,885000.0,0.0,0.0,0.0,0.0,0.0,0.0
Nash Jones,DEN,Unknown,OG,885000.0,885000.0,0.0,0.0,0.0,0.0,0.0,0.0
Jordan Miller,DEN,Unknown,CB,885000.0,885000.0,0.0,0.0,0.0,0.0,0.0,0.0
Caleb Lohner,DEN,Unknown,TE,885000.0,885000.0,0.0,0.0,0.0,0.0,0.0,0.0
Paul Manning,DEN,Unknown,CB,885000.0,885000.0,0.0,0.0,0.0,0.0,0.0,0.0
Tyler Onyedim,DEN,Unknown,IDL,885000.0,885000.0,0.0,0.0,0.0,0.0,0.0,0.0
Jared Goff,DET,Unknown,QB,37600000.0,15000000.0,14600000.0,0.0,0.0,0.0,15000000.0,0.0
Amon-Ra St. Brown,DET,Unknown,WR,33110000.0,27500000.0,3300000.0,1700000.0,0.0,100000.0,27500000.0,0.0
Alim McNeill,DET,Unknown,IDL,28966000.0,23850000.0,2000000.0,2966000.0,0.0,150000.0,23850000.0,0.0
Penei Sewell,DET,Unknown,OT,28000000.0,19900000.0,3000000.0,5000000.0,0.0,100000.0,19900000.0,0.0
D.J. Reed,DET,Unknown,CB,17867000.0,14490000.0,3047000.0,0.0,0.0,0.0,15000000.0,0.0
Aidan Hutchinson,DET,Unknown,EDGE,10146400.0,1215000.0,3000000.0,5681400.0,0.0,250000.0,1215000.0,0.0
Derrick Barnes,DET,Unknown,LB,9764000.0,7490000.0,1264000.0,0.0,0.0,0.0,8000000.0,0.0
Jameson Williams,DET,Unknown,WR,8270600.0,1215000.0,3000000.0,2055600.0,0.0,300000.0,3215000.0,0.0
Sam LaPorta,DET,Unknown,TE,6738090.0,5675000.0,971090.0,0.0,0.0,92000.0,408000.0,0.0
Brian Branch,DET,Unknown,S,6475498.0,5667000.0,708498.0,0.0,0.0,100000.0,0.0,0.0
Jahmyr Gibbs,DET,Unknown,RB,5677999.0,1145000.0,2494570.0,0.0,2038429.0,0.0,3183429.0,0.0
Kerby Joseph,DET,Unknown,S,5472200.0,1215000.0,2002200.0,1925000.0,0.0,150000.0,1875000.0,0.0
Larry Borom,DET,Unknown,OT,5000000.0,2400000.0,2500000.0,0.0,0.0,100000.0,2400000.0,0.0
Jack Campbell,DET,Unknown,LB,4794239.0,1145000.0,3649239.0,0.0,0.0,0.0,1145000.0,0.0
Brock Wright,DET,Unknown,TE,4734000.0,3310000.0,709000.0,445000.0,340000.0,50000.0,0.0,0.0
Blake Miller,DET,Unknown,OT,3976785.0,885000.0,3091785.0,0.0,0.0,0.0,885000.0,0.0
Jack Fox,DET,Unknown,P,3975000.0,2725000.0,850000.0,0.0,250000.0,150000.0,250000.0,0.0
Terrion Arnold,DET,Unknown,CB,3911921.0,1273974.0,1812947.0,0.0,825000.0,0.0,2098974.0,0.0
Tyleik Williams,DET,Unknown,IDL,3745475.0,1005000.0,2156380.0,0.0,584095.0,0.0,1589095.0,0.0
Rock Ya-Sin,DET,Unknown,CB,3200000.0,1640000.0,1000000.0,0.0,0.0,25000.0,1640000.0,0.0
D.J. Wonnum,DET,Unknown,EDGE,2960000.0,1370000.0,900000.0,0.0,0.0,50000.0,1370000.0,0.0
Cade Mays,DET,Unknown,C,2771000.0,1215000.0,1296000.0,0.0,0.0,50000.0,1520000.0,0.0
Derrick Moore,DET,Unknown,EDGE,2077626.0,885000.0,1192626.0,0.0,0.0,0.0,885000.0,0.0
Christian Izien,DET,Unknown,S,1955000.0,1250000.0,495000.0,0.0,0.0,45000.0,505000.0,0.0
Isiah Pacheco,DET,Unknown,RB,1810000.0,1810000.0,0.0,0.0,0.0,0.0,1810000.0,0.0
Teddy Bridgewater,DET,Unknown,QB,1800000.0,1400000.0,187500.0,0.0,0.0,0.0,1400000.0,0.0
Ennis Rakestraw,DET,Unknown,CB,1768567.0,1284522.0,384045.0,0.0,0.0,100000.0,0.0,0.0
Tate Ratledge,DET,Unknown,OG,1740541.0,1188108.0,552433.0,0.0,0.0,0.0,1188108.0,0.0
Khalil Dorsey,DET,Unknown,CB,1693823.0,1340000.0,150000.0,0.0,0.0,55000.0,0.0,0.0
Juice Scruggs,DET,Unknown,C,1581696.0,1581696.0,0.0,0.0,0.0,0.0,0.0,0.0
Isaac TeSlaa,DET,Unknown,WR,1514648.0,1117930.0,371718.0,0.0,0.0,25000.0,0.0,0.0
Malcolm Rodriguez,DET,Unknown,LB,1402500.0,2562500.0,137500.0,0.0,0.0,50000.0,2562500.0,0.0
Trevor Nowaske,DET,Unknown,LB,1350000.0,1145000.0,155000.0,0.0,50000.0,0.0,395000.0,0.0
Damone Clark,DET,Unknown,LB,1262500.0,1215000.0,75000.0,0.0,87500.0,25000.0,0.0,0.0
Avonte Maddox,DET,Unknown,CB,1262500.0,1300000.0,187500.0,0.0,0.0,0.0,500000.0,0.0
Chuck Clark,DET,Unknown,S,1262500.0,1300000.0,50000.0,0.0,112500.0,25000.0,0.0,0.0
Roger McCreary,DET,Unknown,CB,1262500.0,1215000.0,187500.0,0.0,0.0,0.0,800000.0,0.0
Giovanni Manu,DET,Unknown,OT,1256414.0,1075000.0,181414.0,0.0,0.0,0.0,0.0,0.0
Levi Onwuzurike,DET,Unknown,IDL,1215000.0,1215000.0,0.0,0.0,0.0,0.0,0.0,0.0
Greg Dortch,DET,Unknown,WR,1214706.0,1215000.0,0.0,0.0,0.0,25000.0,1075000.0,0.0
Sione Vaki,DET,Unknown,RB,1207177.0,1075000.0,132177.0,0.0,0.0,0.0,0.0,0.0
Jimmy Rolder,DET,Unknown,LB,1173240.0,885000.0,288240.0,0.0,0.0,0.0,0.0,0.0
Colby Sorsdal,DET,Unknown,OG,1155021.0,1075000.0,80021.0,0.0,0.0,0.0,0.0,0.0
Payton Turner,DET,Unknown,EDGE,1145000.0,1145000.0,0.0,0.0,0.0,0.0,0.0,0.0
Myles Adams,DET,Unknown,IDL,1145000.0,1145000.0,0.0,0.0,0.0,0.0,0.0,0.0
Tyler Lacy,DET,Unknown,IDL,1145000.0,1145000.0,0.0,0.0,0.0,0.0,0.0,0.0
Mekhi Wingo,DET,Unknown,IDL,1121700.0,1075000.0,46700.0,0.0,0.0,0.0,0.0,0.0
Christian Mahogany,DET,Unknown,OG,1109597.0,1075000.0,34597.0,0.0,0.0,0.0,0.0,0.0
Tom Kennedy,DET,Unknown,WR,1095000.0,1215000.0,20000.0,0.0,0.0,0.0,0.0,0.0
Miles Frazier,DET,Unknown,OG,1085054.0,1005000.0,80054.0,0.0,0.0,0.0,0.0,0.0
Hogan Hatten,DET,Unknown,LS,1075334.0,1075000.0,334.0,0.0,0.0,0.0,0.0,0.0
Jake Bates,DET,Unknown,K,1075000.0,1075000.0,0.0,0.0,0.0,0.0,0.0,0.0
Chris Smith,DET,Unknown,IDL,1075000.0,1075000.0,0.0,0.0,0.0,0.0,0.0,0.0
Loren Strickland,DET,Unknown,S,1075000.0,1075000.0,0.0,0.0,0.0,0.0,0.0,0.0
Thomas Harper,DET,Unknown,S,1075000.0,1075000.0,0.0,0.0,0.0,0.0,0.0,0.0
Michael Niese,DET,Unknown,OG,1075000.0,1075000.0,0.0,0.0,0.0,0.0,0.0,0.0
Ben Bartch,DET,Unknown,OT,1075000.0,1215000.0,0.0,0.0,0.0,0.0,330300.0,0.0
Tyler Conklin,DET,Unknown,TE,1075000.0,1300000.0,0.0,0.0,0.0,0.0,0.0,0.0
Jay Tufele,DET,Unknown,IDL,1075000.0,1215000.0,0.0,0.0,0.0,0.0,0.0,0.0
Joe Bachie,DET,Unknown,LB,1075000.0,1215000.0,0.0,0.0,0.0,0.0,0.0,0.0
Cedrick Wilson Jr.,DET,Unknown,WR,1075000.0,1300000.0,0.0,0.0,0.0,0.0,0.0,0.0
Dominic Lovett,DET,Unknown,WR,1031693.0,1005000.0,26693.0,0.0,0.0,0.0,0.0,0.0
Keith Abney II,DET,Unknown,CB,1009725.0,885000.0,124725.0,0.0,0.0,0.0,0.0,0.0
Nick Whiteside,DET,Unknown,CB,1005000.0,1005000.0,0.0,0.0,0.0,0.0,0.0,0.0
Malik Cunningham,DET,Unknown,WR,1005000.0,1005000.0,0.0,0.0,0.0,0.0,0.0,0.0
Jacob Saylors,DET,Unknown,RB,1005000.0,1005000.0,0.0,0.0,0.0,0.0,0.0,0.0
Devin Cochran,DET,Unknown,OT,1005000.0,1005000.0,0.0,0.0,0.0,0.0,0.0,0.0
Kendrick Law,DET,Unknown,WR,997533.0,885000.0,112533.0,0.0,0.0,0.0,0.0,0.0
Ahmed Hassanein,DET,Unknown,EDGE,985000.0,885000.0,25000.0,0.0,0.0,75000.0,0.0,0.0
Skyler Gill-Howard,DET,Unknown,IDL,950823.0,885000.0,65823.0,0.0,0.0,0.0,0.0,0.0
Tyre West,DET,Unknown,IDL,926823.0,885000.0,41823.0,0.0,0.0,0.0,0.0,0.0
Dan Jackson,DET,Unknown,S,917906.0,885000.0,32906.0,0.0,0.0,0.0,0.0,0.0
Erick Hunter,DET,Unknown,LB,893333.0,885000.0,8333.0,0.0,0.0,0.0,150000.0,0.0
Aidan Keanaaina,DET,Unknown,IDL,891666.0,885000.0,6666.0,0.0,0.0,0.0,247500.0,0.0
Melvin Priestly,DET,Unknown,OG,891666.0,885000.0,6666.0,0.0,0.0,0.0,200000.0,0.0
De'Shawn Rucker,DET,Unknown,CB,890000.0,885000.0,5000.0,0.0,0.0,0.0,160000.0,0.0
Aamaris Brown,DET,Unknown,CB,890000.0,885000.0,5000.0,0.0,0.0,0.0,90000.0,0.0
Anthony Lucas,DET,Unknown,WR,890000.0,885000.0,5000.0,0.0,0.0,0.0,100000.0,0.0
Eric O'Neill,DET,Unknown,EDGE,888333.0,885000.0,3333.0,0.0,0.0,0.0,50000.0,0.0
Luke Altmyer,DET,Unknown,QB,888333.0,885000.0,3333.0,0.0,0.0,0.0,247500.0,0.0
Miles Kitselman,DET,Unknown,TE,888333.0,885000.0,3333.0,0.0,0.0,0.0,105000.0,0.0
Kye Robichaux,DET,Unknown,RB,886666.0,885000.0,1666.0,0.0,0.0,0.0,0.0,0.0
Thomas Gordon,DET,Unknown,TE,885000.0,885000.0,0.0,0.0,0.0,0.0,0.0,0.0
Seth McLaughlin,DET,Unknown,C,885000.0,885000.0,0.0,0.0,0.0,0.0,0.0,0.0
Jabari Small,DET,Unknown,RB,885000.0,885000.0,0.0,0.0,0.0,0.0,0.0,0.0
Mason Miller,DET,Unknown,OT,885000.0,885000.0,0.0,0.0,0.0,0.0,0.0,0.0
Jackson Meeks,DET,Unknown,WR,885000.0,885000.0,0.0,0.0,0.0,0.0,0.0,0.0
Zach Horton,DET,Unknown,TE,885000.0,885000.0,0.0,0.0,0.0,0.0,0.0,0.0
Jordan Love,GB,Unknown,QB,36122437.0,10400000.0,16757731.0,7900000.0,0.0,500000.0,49900000.0,0.0
Micah Parsons,GB,Unknown,EDGE,19201706.0,2387000.0,8800000.0,7600000.0,0.0,250000.0,2387000.0,0.0
Josh Jacobs,GB,Unknown,RB,14542647.0,10200000.0,3125000.0,0.0,0.0,600000.0,0.0,0.0
Devonte Wyatt,GB,Unknown,IDL,12938000.0,12938000.0,0.0,0.0,0.0,0.0,12938000.0,0.0
Aaron Banks,GB,Unknown,OG,12003176.0,1215000.0,9947000.0,0.0,0.0,400000.0,0.0,0.0
Zach Tom,GB,Unknown,OT,11884118.0,1850000.0,6040000.0,0.0,3000000.0,500000.0,3000000.0,0.0
Xavier McKinney,GB,Unknown,S,9860235.0,1215000.0,8057000.0,0.0,0.0,400000.0,0.0,0.0
Nate Hobbs,GB,Unknown,CB,8838235.0,1800000.0,4000000.0,0.0,6250000.0,400000.0,0.0,0.0
Javon Hargrave,GB,Unknown,IDL,7705882.0,1600000.0,5250000.0,0.0,0.0,150000.0,0.0,0.0
Keisean Nixon,GB,Unknown,CB,7166668.0,4300000.0,2166668.0,0.0,0.0,200000.0,0.0,0.0
Zaire Franklin,GB,Unknown,LB,7130000.0,4240000.0,1875000.0,0.0,0.0,250000.0,0.0,0.0
Jayden Reed,GB,Unknown,WR,6784793.0,1229197.0,5555596.0,0.0,0.0,0.0,0.0,0.0
Sean Rhyan,GB,Unknown,C,6666666.0,1950000.0,3666666.0,0.0,0.0,300000.0,0.0,0.0
Christian Watson,GB,Unknown,WR,6319297.0,3425000.0,1213416.0,0.0,0.0,500000.0,0.0,0.0
Lukas Van Ness,GB,Unknown,EDGE,5532576.0,1404497.0,2411472.0,0.0,1716607.0,0.0,3121104.0,0.0
Isaiah McDuffie,GB,Unknown,LB,4975000.0,2400000.0,1275000.0,0.0,750000.0,100000.0,750000.0,0.0
Matthew Golden,GB,Unknown,WR,3994395.0,1005000.0,2355516.0,0.0,633879.0,0.0,1638879.0,0.0
Tucker Kraft,GB,Unknown,TE,3930897.0,3624000.0,256897.0,0.0,0.0,50000.0,0.0,0.0
Jordan Morgan,GB,Unknown,OT,3868799.0,1478600.0,1784199.0,0.0,606000.0,0.0,2084600.0,0.0
Karl Brooks,GB,Unknown,IDL,3727007.0,3674000.0,53007.0,0.0,0.0,0.0,0.0,0.0
Carrington Valentine,GB,Unknown,CB,3699165.0,3674000.0,25165.0,0.0,0.0,0.0,0.0,0.0
Benjamin St-Juste,GB,Unknown,CB,3470588.0,1300000.0,1500000.0,0.0,0.0,200000.0,0.0,0.0
Tyrod Taylor,GB,Unknown,QB,2852941.0,1300000.0,700000.0,0.0,0.0,0.0,0.0,0.0
Darian Kinnard,GB,Unknown,OT,2750000.0,1310000.0,1000000.0,0.0,0.0,100000.0,0.0,0.0
Luke Musgrave,GB,Unknown,TE,2696827.0,1905783.0,791044.0,0.0,0.0,0.0,0.0,0.0
Brandon McManus,GB,Unknown,K,2611765.0,2100000.0,1666666.0,0.0,1000000.0,100000.0,1000000.0,0.0
Skyy Moore,GB,Unknown,WR,2500000.0,1215000.0,1000000.0,0.0,0.0,115000.0,0.0,0.0
Daniel Whelan,GB,Unknown,P,2350000.0,1450000.0,700000.0,0.0,0.0,100000.0,0.0,0.0
Edgerrin Cooper,GB,Unknown,LB,2345160.0,1576720.0,768440.0,0.0,0.0,0.0,1513655.0,0.0
Nick Niemann,GB,Unknown,LB,2111765.0,1315000.0,500000.0,0.0,0.0,200000.0,0.0,0.0
Josh Whyle,GB,Unknown,TE,1857059.0,1260000.0,370000.0,0.0,0.0,100000.0,0.0,0.0
Christopher Brooks,GB,Unknown,RB,1845000.0,1250000.0,325000.0,0.0,0.0,100000.0,0.0,0.0
Javon Bullard,GB,Unknown,S,1828945.0,1404648.0,424297.0,0.0,0.0,0.0,55784.0,0.0
Anthony Belton,GB,Unknown,OT,1822006.0,1204401.0,617605.0,0.0,0.0,0.0,1204401.0,0.0
Brandon Cisse,GB,Unknown,CB,1702717.0,885000.0,817717.0,0.0,0.0,0.0,885000.0,0.0
MarShawn Lloyd,GB,Unknown,RB,1551414.0,1262138.0,239276.0,0.0,0.0,50000.0,0.0,0.0
Ty'Ron Hopper,GB,Unknown,LB,1548552.0,1261184.0,237368.0,0.0,0.0,50000.0,0.0,0.0
Matt Orzech,GB,Unknown,TE,1502500.0,1300000.0,187500.0,0.0,0.0,15000.0,0.0,0.0
Brenton Cox Jr.,GB,Unknown,EDGE,1484706.0,1145000.0,250000.0,0.0,0.0,25000.0,0.0,0.0
Savion Williams,GB,Unknown,WR,1430103.0,1076021.0,304082.0,0.0,0.0,50000.0,0.0,0.0
Jonathan Ford,GB,Unknown,IDL,1391765.0,1145000.0,100000.0,0.0,0.0,25000.0,0.0,0.0
Chris McClellan,GB,Unknown,IDL,1290194.0,885000.0,405194.0,0.0,0.0,0.0,0.0,0.0
Evan Williams,GB,Unknown,S,1275720.0,1075000.0,200720.0,0.0,0.0,0.0,0.0,0.0
Barryn Sorrell,GB,Unknown,EDGE,1240463.0,1005000.0,235463.0,0.0,0.0,0.0,0.0,0.0
Dani Dennis-Sutton,GB,Unknown,EDGE,1168561.0,885000.0,283561.0,0.0,0.0,0.0,0.0,0.0
Jacob Monk,GB,Unknown,C,1150404.0,1075000.0,75404.0,0.0,0.0,0.0,0.0,0.0
Arron Mosby,GB,Unknown,EDGE,1145000.0,1145000.0,0.0,0.0,0.0,0.0,0.0,0.0
Bo Melton,GB,Unknown,CB,1145000.0,1145000.0,0.0,0.0,0.0,0.0,0.0,0.0
Jordon Riley,GB,Unknown,IDL,1145000.0,1145000.0,0.0,0.0,0.0,0.0,0.0,0.0
Kitan Oladapo,GB,Unknown,S,1138569.0,1075000.0,63569.0,0.0,0.0,0.0,0.0,0.0
Kristian Welch,GB,Unknown,LB,1125000.0,1215000.0,10000.0,0.0,85000.0,0.0,0.0,0.0
Travis Glover,GB,Unknown,OT,1117845.0,1075000.0,42845.0,0.0,0.0,0.0,0.0,0.0
Collin Oliver,GB,Unknown,EDGE,1106021.0,1005000.0,101021.0,0.0,0.0,0.0,0.0,0.0
Pierre Strong Jr.,GB,Unknown,RB,1075000.0,1215000.0,0.0,0.0,0.0,0.0,0.0,0.0
Jaden Crumedy,GB,Unknown,IDL,1075000.0,1075000.0,0.0,0.0,0.0,0.0,0.0,0.0
Lucas Havrisik,GB,Unknown,K,1075000.0,1075000.0,0.0,0.0,0.0,0.0,0.0,0.0
Warren Brinson,GB,Unknown,IDL,1061596.0,1005000.0,56596.0,0.0,0.0,0.0,0.0,0.0
John Williams,GB,Unknown,OG,1030418.0,1005000.0,25418.0,0.0,0.0,0.0,0.0,0.0
Jager Burton,GB,Unknown,C,1011000.0,885000.0,126000.0,0.0,0.0,0.0,0.0,0.0
Nazir Stackhouse,GB,Unknown,IDL,1010000.0,1005000.0,5000.0,0.0,0.0,0.0,0.0,0.0
Messiah Swinson,GB,Unknown,TE,1005000.0,1005000.0,0.0,0.0,0.0,0.0,0.0,0.0
Brenden Rice,GB,Unknown,WR,1005000.0,1005000.0,0.0,0.0,0.0,0.0,0.0,0.0
Brant Banks,GB,Unknown,OT,1005000.0,1005000.0,0.0,0.0,0.0,0.0,0.0,0.0
Donovan Jennings,GB,Unknown,OT,1005000.0,1005000.0,0.0,0.0,0.0,0.0,0.0,0.0
Kamal Hadden,GB,Unknown,CB,1005000.0,1005000.0,0.0,0.0,0.0,0.0,0.0,0.0
Shemar Bartholomew,GB,Unknown,CB,1005000.0,1005000.0,0.0,0.0,0.0,0.0,0.0,0.0
Jaylin Simpson,GB,Unknown,CB,1005000.0,1005000.0,0.0,0.0,0.0,0.0,0.0,0.0
Domani Jackson,GB,Unknown,CB,953109.0,885000.0,68109.0,0.0,0.0,0.0,0.0,0.0
Trey Smack,GB,Unknown,K,936633.0,885000.0,51633.0,0.0,0.0,0.0,0.0,0.0
Jaden Nixon,GB,Unknown,RB,890000.0,885000.0,5000.0,0.0,0.0,0.0,0.0,0.0
Dylan Barrett,GB,Unknown,OG,890000.0,885000.0,5000.0,0.0,0.0,0.0,0.0,0.0
T.J. Quinn,GB,Unknown,LB,890000.0,885000.0,5000.0,0.0,0.0,0.0,150000.0,0.0
Nyjalik Kelly,GB,Unknown,EDGE,890000.0,885000.0,5000.0,0.0,0.0,0.0,247500.0,0.0
Josh Gesky,GB,Unknown,OG,890000.0,885000.0,5000.0,0.0,0.0,0.0,200000.0,0.0
R.J. Maryland,GB,Unknown,TE,890000.0,885000.0,5000.0,0.0,0.0,0.0,0.0,0.0
J. Michael Sturdivant,GB,Unknown,WR,890000.0,885000.0,5000.0,0.0,0.0,0.0,200000.0,0.0
Dillon Wade,GB,Unknown,OG,890000.0,885000.0,5000.0,0.0,0.0,0.0,200000.0,0.0
Murvin Kenion II,GB,Unknown,S,888333.0,885000.0,3333.0,0.0,0.0,0.0,0.0,0.0
Kyron Drones,GB,Unknown,QB,886666.0,885000.0,1666.0,0.0,0.0,0.0,0.0,0.0
Anthony Campbell,GB,Unknown,IDL,885000.0,885000.0,0.0,0.0,0.0,0.0,0.0,0.0
Kyle McCord,GB,Unknown,QB,885000.0,885000.0,0.0,0.0,0.0,0.0,0.0,0.0
Isaiah Neyor,GB,Unknown,WR,885000.0,885000.0,0.0,0.0,0.0,0.0,0.0,0.0
Will Sheppard,GB,Unknown,WR,885000.0,885000.0,0.0,0.0,0.0,0.0,0.0,0.0
Karsen Barnhart,GB,Unknown,OG,885000.0,885000.0,0.0,0.0,0.0,0.0,0.0,0.0
Mark Perry,GB,Unknown,S,885000.0,885000.0,0.0,0.0,0.0,0.0,0.0,0.0
M.J. Devonshire,GB,Unknown,CB,885000.0,885000.0,0.0,0.0,0.0,0.0,0.0,0.0
Dalton Cooper,GB,Unknown,OT,885000.0,885000.0,0.0,0.0,0.0,0.0,0.0,0.0
Damien Martinez,GB,Unknown,RB,885000.0,885000.0,0.0,0.0,0.0,0.0,0.0,0.0
Johnathan Baldwin,GB,Unknown,S,885000.0,885000.0,0.0,0.0,0.0,0.0,0.0,0.0
Jakobie Keeney-James,GB,Unknown,WR,885000.0,885000.0,0.0,0.0,0.0,0.0,0.0,0.0
Marlon Jones,GB,Unknown,CB,885000.0,885000.0,0.0,0.0,0.0,0.0,0.0,0.0
Drake Dabney,GB,Unknown,TE,885000.0,885000.0,0.0,0.0,0.0,0.0,0.0,0.0
Dante Barnett,GB,Unknown,IDL,0.0,885000.0,0.0,0.0,0.0,0.0,0.0,0.0
Danielle Hunter,HOU,Unknown,EDGE,16140000.0,1300000.0,14340000.0,0.0,0.0,0.0,1300000.0,0.0
Nico Collins,HOU,Unknown,WR,14939529.0,1500000.0,12116000.0,0.0,0.0,0.0,1500000.0,0.0
Will Anderson Jr.,HOU,Unknown,EDGE,13197330.0,1145000.0,12052330.0,0.0,0.0,0.0,1145000.0,0.0
C.J. Stroud,HOU,Unknown,QB,11543396.0,1145000.0,5846226.0,0.0,4552170.0,0.0,5697171.0,0.0
Derek Stingley Jr.,HOU,Unknown,CB,10791000.0,1215000.0,9076000.0,0.0,0.0,0.0,1215000.0,0.0
Dalton Schultz,HOU,Unknown,TE,9549000.0,2600000.0,6449000.0,0.0,0.0,0.0,2600000.0,0.0
Azeez Al-Shaair,HOU,Unknown,LB,8786588.0,1750000.0,6566000.0,0.0,0.0,0.0,1750000.0,0.0
Davis Mills,HOU,Unknown,QB,8125000.0,6000000.0,1675000.0,0.0,0.0,0.0,6000000.0,0.0
Ka'imi Fairbairn,HOU,Unknown,K,5788110.0,1330000.0,4028110.0,0.0,280000.0,0.0,1330000.0,0.0
Jalen Pitre,HOU,Unknown,S,5683765.0,1215000.0,4057000.0,0.0,0.0,0.0,1215000.0,0.0
Braden Smith,HOU,Unknown,OT,5007353.0,2500000.0,2125000.0,0.0,0.0,0.0,2500000.0,0.0
Trent Brown,HOU,Unknown,OT,4911765.0,3500000.0,750000.0,0.0,0.0,250000.0,1000000.0,0.0
Logan Hall,HOU,Unknown,IDL,4625000.0,1400000.0,2875000.0,0.0,0.0,100000.0,1400000.0,0.0
Ed Ingram,HOU,Unknown,OG,4617647.0,1250000.0,2750000.0,0.0,0.0,0.0,1250000.0,0.0
Reed Blankenship,HOU,Unknown,S,4166666.0,1500000.0,2416666.0,0.0,0.0,0.0,1500000.0,0.0
E.J. Speed,HOU,Unknown,LB,3985294.0,1750000.0,2000000.0,0.0,0.0,0.0,1750000.0,0.0
Tank Dell,HOU,Unknown,WR,3958382.0,3624000.0,284382.0,0.0,0.0,50000.0,0.0,0.0
Henry To'oTo'o,HOU,Unknown,LB,3735245.0,3674000.0,61245.0,0.0,0.0,0.0,0.0,0.0
Jarrett Patterson,HOU,Unknown,C,3716494.0,3674000.0,42494.0,0.0,0.0,0.0,0.0,0.0
Xavier Hutchinson,HOU,Unknown,WR,3714925.0,3674000.0,40925.0,0.0,0.0,0.0,0.0,0.0
Jake Andrews,HOU,Unknown,C,3674000.0,3674000.0,0.0,0.0,0.0,0.0,0.0,0.0
Wyatt Teller,HOU,Unknown,OG,3569853.0,1500000.0,1437500.0,0.0,0.0,250000.0,1500000.0,0.0
Tremon Smith,HOU,Unknown,CB,3500000.0,2500000.0,750000.0,0.0,0.0,0.0,1000000.0,0.0
Sheldon Rankins,HOU,Unknown,IDL,3400000.0,1500000.0,1400000.0,0.0,0.0,0.0,1500000.0,0.0
David Montgomery,HOU,Unknown,RB,3300000.0,1500000.0,1300000.0,0.0,0.0,0.0,1500000.0,0.0
Dominique Robinson,HOU,Unknown,EDGE,2852941.0,1500000.0,1000000.0,0.0,0.0,0.0,500000.0,0.0
Jayden Higgins,HOU,Unknown,WR,2659278.0,1371856.0,1287422.0,0.0,0.0,0.0,1371856.0,0.0
Justin Watson,HOU,Unknown,WR,2544118.0,2250000.0,250000.0,0.0,0.0,0.0,750000.0,0.0
Tommy Togiai,HOU,Unknown,IDL,2506765.0,1350000.0,436177.0,0.0,0.0,125000.0,375000.0,0.0
Kamari Lassiter,HOU,Unknown,CB,2458582.0,1614528.0,844054.0,0.0,0.0,0.0,1614528.0,0.0
M.J. Stewart,HOU,Unknown,S,2417647.0,1600000.0,500000.0,0.0,0.0,0.0,0.0,0.0
Evan Brown,HOU,Unknown,OG,2411765.0,1500000.0,700000.0,0.0,0.0,50000.0,300000.0,0.0
Kayden McDonald,HOU,Unknown,IDL,2346319.0,885000.0,1461319.0,0.0,0.0,0.0,885000.0,0.0
Foster Moreau,HOU,Unknown,TE,2286765.0,1750000.0,375000.0,0.0,0.0,0.0,1750000.0,0.0
Jake Hansen,HOU,Unknown,LB,2273529.0,1625000.0,375000.0,0.0,0.0,75000.0,500000.0,0.0
Aireontae Ersery,HOU,Unknown,OT,2093556.0,1258711.0,834845.0,0.0,0.0,0.0,1258711.0,0.0
Jake Hummel,HOU,Unknown,LB,2050000.0,1250000.0,450000.0,0.0,0.0,100000.0,1250000.0,0.0
Naquan Jones,HOU,Unknown,IDL,1911765.0,1350000.0,300000.0,0.0,0.0,50000.0,0.0,0.0
Blake Fisher,HOU,Unknown,OT,1798753.0,1394584.0,404169.0,0.0,0.0,0.0,55784.0,0.0
Calen Bullock,HOU,Unknown,S,1597363.0,1327454.0,269909.0,0.0,0.0,0.0,0.0,0.0
Marte Mapu,HOU,Unknown,LB,1508688.0,1508688.0,0.0,0.0,0.0,0.0,0.0,0.0
Marlin Klein,HOU,Unknown,TE,1488178.0,885000.0,603178.0,0.0,0.0,0.0,885000.0,0.0
Jaylin Noel,HOU,Unknown,WR,1469740.0,1133948.0,335792.0,0.0,0.0,0.0,0.0,0.0
Jaylin Smith,HOU,Unknown,CB,1400269.0,1120054.0,280215.0,0.0,0.0,0.0,0.0,0.0
Dylan Horton,HOU,Unknown,EDGE,1345261.0,1145000.0,200261.0,0.0,0.0,0.0,0.0,0.0
Brevin Jordan,HOU,Unknown,TE,1295000.0,1145000.0,100000.0,0.0,0.0,50000.0,0.0,0.0
Cade Stover,HOU,Unknown,TE,1259734.0,1075000.0,184734.0,0.0,0.0,0.0,0.0,0.0
Woody Marks,HOU,Unknown,RB,1255942.0,1005000.0,250942.0,0.0,0.0,0.0,0.0,0.0
Wade Woodaz,HOU,Unknown,LB,1160695.0,885000.0,275695.0,0.0,0.0,0.0,0.0,0.0
Ja'Marcus Ingram,HOU,Unknown,CB,1145000.0,1145000.0,0.0,0.0,0.0,0.0,0.0,0.0
Kaevon Merriweather,HOU,Unknown,S,1145000.0,1145000.0,0.0,0.0,0.0,0.0,0.0,0.0
Jamal Hill,HOU,Unknown,LB,1122348.0,1075000.0,47348.0,0.0,0.0,0.0,0.0,0.0
Jarrett Kingston,HOU,Unknown,OG,1100000.0,1075000.0,15000.0,0.0,0.0,10000.0,0.0,0.0
Brandon Codrington,HOU,Unknown,CB,1100000.0,1075000.0,15000.0,0.0,0.0,10000.0,0.0,0.0
British Brooks,HOU,Unknown,RB,1080000.0,1075000.0,5000.0,0.0,0.0,0.0,0.0,0.0
Sidy Sow,HOU,Unknown,OG,1075000.0,1075000.0,0.0,0.0,0.0,0.0,0.0,0.0
Ali Gaye,HOU,Unknown,LB,1075000.0,1075000.0,0.0,0.0,0.0,0.0,0.0,0.0
Evan Hull,HOU,Unknown,RB,1075000.0,1075000.0,0.0,0.0,0.0,0.0,0.0,0.0
Jaylen Reed,HOU,Unknown,S,1065950.0,1005000.0,60950.0,0.0,0.0,0.0,0.0,0.0
Graham Mertz,HOU,Unknown,QB,1062121.0,1005000.0,57121.0,0.0,0.0,0.0,0.0,0.0
Alijah Huzzie,HOU,Unknown,CB,1035000.0,1005000.0,20000.0,0.0,0.0,10000.0,0.0,0.0
Kamari Ramsey,HOU,Unknown,S,1026430.0,885000.0,141430.0,0.0,0.0,0.0,0.0,0.0
Jawhar Jordan,HOU,Unknown,RB,1010000.0,1005000.0,0.0,0.0,0.0,5000.0,0.0,0.0
Austin Brinkman,HOU,Unknown,LS,1008333.0,1005000.0,3333.0,0.0,0.0,0.0,0.0,0.0
Kai Kroeger,HOU,Unknown,P,1005000.0,1005000.0,0.0,0.0,0.0,0.0,0.0,0.0
Solomon Byrd,HOU,Unknown,EDGE,1005000.0,1005000.0,0.0,0.0,0.0,0.0,0.0,0.0
Jared Wayne,HOU,Unknown,WR,1005000.0,1005000.0,0.0,0.0,0.0,0.0,0.0,0.0
Jha'Quan Jackson,HOU,Unknown,WR,1005000.0,1005000.0,0.0,0.0,0.0,0.0,0.0,0.0
Lewis Bond,HOU,Unknown,WR,951720.0,885000.0,66720.0,0.0,0.0,0.0,0.0,0.0
Kyonte Hamilton,HOU,Unknown,IDL,919582.0,885000.0,34582.0,0.0,0.0,0.0,0.0,0.0
Aiden Fisher,HOU,Unknown,LB,916892.0,885000.0,31892.0,0.0,0.0,0.0,0.0,0.0
James Neal III,HOU,Unknown,OT,895000.0,885000.0,10000.0,0.0,0.0,0.0,247500.0,0.0
Collin Wright,HOU,Unknown,CB,893333.0,885000.0,8333.0,0.0,0.0,0.0,237500.0,0.0
Sam Hagen,HOU,Unknown,OT,891666.0,885000.0,6666.0,0.0,0.0,0.0,175000.0,0.0
Jalen Walthall,HOU,Unknown,WR,891666.0,885000.0,6666.0,0.0,0.0,0.0,200000.0,0.0
Noah Whittington,HOU,Unknown,RB,891666.0,885000.0,6666.0,0.0,0.0,0.0,247500.0,0.0
Sabastian Harsh,HOU,Unknown,EDGE,890000.0,885000.0,5000.0,0.0,0.0,0.0,150000.0,0.0
Jack Stonehouse,HOU,Unknown,P,890000.0,885000.0,5000.0,0.0,0.0,0.0,60000.0,0.0
Stephen Hall,HOU,Unknown,CB,890000.0,885000.0,5000.0,0.0,0.0,0.0,175000.0,0.0
Joshua Pitsenberger,HOU,Unknown,RB,889000.0,885000.0,4000.0,0.0,0.0,0.0,50000.0,0.0
Daniel Sobkowicz,HOU,Unknown,WR,888333.0,885000.0,3333.0,0.0,0.0,0.0,100000.0,0.0
Dominic Bailey,HOU,Unknown,IDL,888333.0,885000.0,3333.0,0.0,0.0,0.0,150000.0,0.0
Treyvhon Saunders,HOU,Unknown,WR,886666.0,885000.0,1666.0,0.0,0.0,0.0,5000.0,0.0
Layne Pryor,HOU,Unknown,TE,885000.0,885000.0,0.0,0.0,0.0,0.0,0.0,0.0
Febechi Nwaiwu,HOU,Unknown,OG,885000.0,885000.0,0.0,0.0,0.0,0.0,0.0,0.0
Keylan Rutledge,HOU,Unknown,OG,885000.0,885000.0,0.0,0.0,0.0,0.0,0.0,0.0
Junior Tafuna,HOU,Unknown,IDL,885000.0,885000.0,0.0,0.0,0.0,0.0,0.0,0.0
Josh Kelly,HOU,Unknown,WR,885000.0,885000.0,0.0,0.0,0.0,0.0,0.0,0.0
Eli Cox,HOU,Unknown,C,885000.0,885000.0,0.0,0.0,0.0,0.0,0.0,0.0
K.C. Ossai,HOU,Unknown,LB,885000.0,885000.0,0.0,0.0,0.0,0.0,0.0,0.0
DeForest Buckner,IND,Unknown,IDL,26600000.0,13000000.0,3600000.0,0.0,10000000.0,0.0,10000000.0,0.0
Quenton Nelson,IND,Unknown,OG,24200000.0,16000000.0,6200000.0,0.0,2000000.0,0.0,2000000.0,0.0
Charvarius Ward,IND,Unknown,CB,19886666.0,12980000.0,6666666.0,0.0,0.0,0.0,12980000.0,0.0
Daniel Jones,IND,Unknown,QB,19180000.0,5490000.0,8800000.0,0.0,0.0,0.0,5490000.0,0.0
Jonathan Taylor,IND,Unknown,RB,15562000.0,11980000.0,2562000.0,0.0,0.0,0.0,0.0,0.0
Cam Bynum,IND,Unknown,S,15010000.0,10000000.0,4500000.0,0.0,0.0,0.0,10000000.0,0.0
Grover Stewart,IND,Unknown,IDL,14250000.0,11740000.0,2000000.0,0.0,0.0,0.0,0.0,0.0
Anthony Richardson,IND,Unknown,QB,10816282.0,1145000.0,5430733.0,0.0,4240549.0,0.0,5385549.0,0.0
Ahmad Gardner,IND,Unknown,CB,9500000.0,5250000.0,0.0,4000000.0,0.0,250000.0,5500000.0,0.0
Bernhard Raimann,IND,Unknown,OT,9261200.0,2000000.0,7621200.0,0.0,0.0,0.0,2000000.0,0.0
Alec Pierce,IND,Unknown,WR,9200000.0,4000000.0,5200000.0,0.0,0.0,0.0,4000000.0,0.0
Arden Key,IND,Unknown,EDGE,6750000.0,2500000.0,4250000.0,0.0,0.0,0.0,2500000.0,0.0
Tyler Warren,IND,Unknown,TE,4763784.0,1005000.0,2971027.0,0.0,787757.0,0.0,1792757.0,0.0
Laiatu Latu,IND,Unknown,EDGE,4645062.0,1075000.0,2301708.0,0.0,1268354.0,0.0,2343354.0,0.0
Micheal Clemons,IND,Unknown,EDGE,4470000.0,2990000.0,1000000.0,0.0,0.0,0.0,2990000.0,0.0
Josh Downs,IND,Unknown,WR,4177719.0,3924000.0,253719.0,0.0,0.0,0.0,0.0,0.0
Jaylon Jones,IND,Unknown,CB,3702370.0,3674000.0,28370.0,0.0,0.0,0.0,0.0,0.0
Mekhi Blackmon,IND,Unknown,CB,3674000.0,3674000.0,0.0,0.0,0.0,0.0,0.0,0.0
Ashton Dulin,IND,Unknown,WR,3570000.0,2200000.0,670000.0,0.0,340000.0,0.0,0.0,0.0
Akeem Davis-Gaither,IND,Unknown,LB,2725000.0,1215000.0,1000000.0,0.0,0.0,0.0,500000.0,0.0
Rigoberto Sanchez,IND,Unknown,P,2550000.0,2500000.0,0.0,0.0,0.0,0.0,0.0,0.0
J.T. Tuimoloau,IND,Unknown,EDGE,2259651.0,1291930.0,967721.0,0.0,0.0,0.0,1291930.0,0.0
Andrew Ogletree,IND,Unknown,TE,2250000.0,1500000.0,750000.0,0.0,0.0,0.0,750000.0,0.0
C.J. Allen,IND,Unknown,LB,1659808.0,885000.0,774808.0,0.0,0.0,0.0,885000.0,0.0
Luke Rhodes,IND,Unknown,LB,1605000.0,1300000.0,220000.0,0.0,0.0,0.0,0.0,0.0
Matt Goncalves,IND,Unknown,OT,1592465.0,1325822.0,266643.0,0.0,0.0,0.0,0.0,0.0
Mo Alie-Cox,IND,Unknown,TE,1487500.0,2500000.0,187500.0,0.0,0.0,0.0,2000000.0,0.0
Justin Walley,IND,Unknown,CB,1464549.0,1132910.0,331639.0,0.0,0.0,0.0,0.0,0.0
Spencer Shrader,IND,Unknown,K,1375000.0,1200000.0,175000.0,0.0,0.0,0.0,0.0,0.0
Blake Freeland,IND,Unknown,OT,1348972.0,1145000.0,203972.0,0.0,0.0,0.0,0.0,0.0
Adetomiwa Adebawore,IND,Unknown,IDL,1344228.0,1145000.0,199228.0,0.0,0.0,0.0,0.0,0.0
Juanyeh Thomas,IND,Unknown,S,1332500.0,1145000.0,187500.0,0.0,0.0,0.0,250000.0,0.0
A.J. Haulcy,IND,Unknown,S,1287809.0,885000.0,402809.0,0.0,0.0,0.0,0.0,0.0
Tanor Bortolini,IND,Unknown,C,1269968.0,1075000.0,194968.0,0.0,0.0,0.0,0.0,0.0
Jerry Tillery,IND,Unknown,IDL,1262500.0,1300000.0,187500.0,0.0,0.0,0.0,750000.0,0.0
Cam Taylor-Britt,IND,Unknown,CB,1262500.0,1215000.0,187500.0,0.0,0.0,0.0,500000.0,0.0
Jonathan Owens,IND,Unknown,S,1262500.0,1215000.0,187500.0,0.0,0.0,0.0,0.0,0.0
Derrick Nnadi,IND,Unknown,IDL,1262500.0,1300000.0,187500.0,0.0,0.0,0.0,350000.0,0.0
Laquon Treadwell,IND,Unknown,WR,1262500.0,1300000.0,187500.0,0.0,0.0,0.0,250000.0,0.0
Nick Westbrook-Ikhine,IND,Unknown,WR,1262500.0,1215000.0,187500.0,0.0,0.0,0.0,250000.0,0.0
Jalen Travis,IND,Unknown,OT,1235317.0,1005000.0,230317.0,0.0,0.0,0.0,0.0,0.0
Daniel Scott,IND,Unknown,S,1221959.0,1145000.0,76959.0,0.0,0.0,0.0,0.0,0.0
Cameron Mitchell,IND,Unknown,CB,1220000.0,1145000.0,25000.0,0.0,50000.0,0.0,0.0,0.0
Will Mallory,IND,Unknown,TE,1217648.0,1145000.0,72648.0,0.0,0.0,0.0,0.0,0.0
Blake Grupe,IND,Unknown,K,1195000.0,1195000.0,0.0,0.0,50000.0,0.0,0.0,0.0
Anthony Gould,IND,Unknown,WR,1163166.0,1075000.0,88166.0,0.0,0.0,0.0,0.0,0.0
Jaylon Carlies,IND,Unknown,LB,1159060.0,1075000.0,84060.0,0.0,0.0,0.0,0.0,0.0
Luke Tenuta,IND,Unknown,OT,1155000.0,1075000.0,0.0,0.0,0.0,0.0,300000.0,0.0
Josh Sills,IND,Unknown,OG,1145000.0,1145000.0,0.0,0.0,0.0,0.0,0.0,0.0
Colby Wooden,IND,Unknown,IDL,1145000.0,1145000.0,0.0,0.0,0.0,0.0,0.0,0.0
DJ Giddens,IND,Unknown,RB,1111186.0,1005000.0,106186.0,0.0,0.0,0.0,0.0,0.0
Dalton Tucker,IND,Unknown,OG,1088334.0,1075000.0,13334.0,0.0,0.0,0.0,0.0,0.0
Bryce Boettcher,IND,Unknown,LB,1082259.0,885000.0,197259.0,0.0,0.0,0.0,0.0,0.0
Sean McKeon,IND,Unknown,TE,1075000.0,1215000.0,0.0,0.0,0.0,0.0,0.0,0.0
Jimmy Morrissey,IND,Unknown,C,1075000.0,1075000.0,0.0,0.0,0.0,0.0,0.0,0.0
Riley Leonard,IND,Unknown,QB,1063811.0,1005000.0,58811.0,0.0,0.0,0.0,0.0,0.0
Johnathan Edwards,IND,Unknown,CB,1015000.0,1005000.0,10000.0,0.0,0.0,0.0,0.0,0.0
George Gumbs,IND,Unknown,EDGE,1010450.0,885000.0,125450.0,0.0,0.0,0.0,0.0,0.0
Durell Nchami,IND,Unknown,LB,1005000.0,1005000.0,0.0,0.0,0.0,0.0,0.0,0.0
Austin Ajiake,IND,Unknown,LB,1005000.0,1005000.0,0.0,0.0,0.0,0.0,0.0,0.0
Trey Washington,IND,Unknown,S,1005000.0,1005000.0,0.0,0.0,0.0,0.0,0.0,0.0
Reuben Lowery,IND,Unknown,S,1005000.0,1005000.0,0.0,0.0,0.0,0.0,0.0,0.0
Caden Curry,IND,Unknown,EDGE,936633.0,885000.0,51633.0,0.0,0.0,0.0,0.0,0.0
Seth McGowan,IND,Unknown,RB,918727.0,885000.0,33727.0,0.0,0.0,0.0,0.0,0.0
Hunter Wohler,IND,Unknown,S,917767.0,885000.0,32767.0,0.0,0.0,0.0,0.0,0.0
Deion Burks,IND,Unknown,WR,915122.0,885000.0,30122.0,0.0,0.0,0.0,0.0,0.0
West Weeks,IND,Unknown,LB,898000.0,885000.0,13000.0,0.0,0.0,0.0,247500.0,0.0
Geno VanDeMark,IND,Unknown,C,895000.0,885000.0,10000.0,0.0,0.0,0.0,210000.0,0.0
Austin Brown,IND,Unknown,S,893333.0,885000.0,8333.0,0.0,0.0,0.0,247500.0,0.0
Cameron Ball,IND,Unknown,IDL,893333.0,885000.0,8333.0,0.0,0.0,0.0,247500.0,0.0
Nolan Rucci,IND,Unknown,OT,891666.0,885000.0,6666.0,0.0,0.0,0.0,190000.0,0.0
Mitchell Melton,IND,Unknown,EDGE,891666.0,885000.0,6666.0,0.0,0.0,0.0,110000.0,0.0
Sahmir Hagans,IND,Unknown,WR,890000.0,885000.0,5000.0,0.0,0.0,0.0,0.0,0.0
Raylen Sharpe,IND,Unknown,WR,888333.0,885000.0,3333.0,0.0,0.0,0.0,0.0,0.0
Tahj Chambers,IND,Unknown,LB,888333.0,885000.0,3333.0,0.0,0.0,0.0,10000.0,0.0
Lincoln Pare,IND,Unknown,WR,888333.0,885000.0,3333.0,0.0,0.0,0.0,0.0,0.0
Devin Veresuk,IND,Unknown,LB,888333.0,885000.0,3333.0,0.0,0.0,0.0,175000.0,0.0
Carson Towt,IND,Unknown,TE,888333.0,885000.0,3333.0,0.0,0.0,0.0,110000.0,0.0
Wyett Ekeler,IND,Unknown,S,885000.0,885000.0,0.0,0.0,0.0,0.0,0.0,0.0
Rob Carter,IND,Unknown,CB,885000.0,885000.0,0.0,0.0,0.0,0.0,0.0,0.0
Anderson Castle,IND,Unknown,RB,885000.0,885000.0,0.0,0.0,0.0,0.0,0.0,0.0
E.J. Horton,IND,Unknown,WR,885000.0,885000.0,0.0,0.0,0.0,0.0,0.0,0.0
Jalen Farmer,IND,Unknown,OG,885000.0,885000.0,0.0,0.0,0.0,0.0,0.0,0.0
LaDarius Henderson,IND,Unknown,OG,885000.0,885000.0,0.0,0.0,0.0,0.0,0.0,0.0
Ulysses Bentley IV,IND,Unknown,RB,885000.0,885000.0,0.0,0.0,0.0,0.0,0.0,0.0
Seth Henigan,IND,Unknown,QB,885000.0,885000.0,0.0,0.0,0.0,0.0,0.0,0.0
Bayron Matos,IND,Unknown,OT,885000.0,885000.0,0.0,0.0,0.0,0.0,0.0,0.0
Ben Nikkel,IND,Unknown,S,885000.0,885000.0,0.0,0.0,0.0,0.0,0.0,0.0
Coleman Owen,IND,Unknown,WR,885000.0,885000.0,0.0,0.0,0.0,0.0,0.0,0.0
Tim Smith,IND,Unknown,IDL,885000.0,885000.0,0.0,0.0,0.0,0.0,0.0,0.0
Eli Pancol,IND,Unknown,WR,885000.0,885000.0,0.0,0.0,0.0,0.0,0.0,0.0
Trevor Lawrence,JAX,Unknown,QB,24000000.0,2000000.0,7500000.0,14000000.0,0.0,500000.0,2000000.0,0.0
Josh Hines-Allen,JAX,Unknown,EDGE,23400000.0,7000000.0,6400000.0,9000000.0,0.0,500000.0,7000000.0,0.0
Arik Armstead,JAX,Unknown,IDL,19385294.0,14000000.0,2500000.0,2400000.0,0.0,250000.0,0.0,0.0
Foyesade Oluokun,JAX,Unknown,LB,17108500.0,9000000.0,4858500.0,2000000.0,0.0,500000.0,0.0,0.0
Walker Little,JAX,Unknown,OT,14499953.0,11000000.0,2558777.0,0.0,0.0,500000.0,11000000.0,0.0
Davon Hamilton,JAX,Unknown,IDL,12448800.0,7435000.0,2513800.0,1500000.0,0.0,500000.0,0.0,0.0
Ezra Cleveland,JAX,Unknown,OG,11420588.0,6750000.0,1400000.0,800000.0,0.0,500000.0,0.0,0.0
Travis Hunter,JAX,Unknown,WR,10602071.0,1005000.0,7641657.0,0.0,1955414.0,0.0,2960414.0,0.0
Travon Walker,JAX,Unknown,EDGE,9411765.0,4500000.0,4000000.0,0.0,0.0,500000.0,4500000.0,0.0
Patrick Mekari,JAX,Unknown,OG,7385098.0,1300000.0,5173333.0,0.0,0.0,500000.0,1300000.0,0.0
Jourdan Lewis,JAX,Unknown,CB,6599804.0,1300000.0,4873333.0,0.0,0.0,250000.0,1300000.0,0.0
Jakobi Meyers,JAX,Unknown,WR,6210588.0,1300000.0,2340000.0,2000000.0,0.0,100000.0,1300000.0,0.0
Cole Van Lanen,JAX,Unknown,OT,5185294.0,1250000.0,1200000.0,2000000.0,0.0,500000.0,1250000.0,0.0
Robert Hainsey,JAX,Unknown,C,4525921.0,1215000.0,2840333.0,0.0,0.0,250000.0,1215000.0,0.0
Eric Murray,JAX,Unknown,S,4233137.0,1300000.0,2506666.0,0.0,0.0,250000.0,1300000.0,0.0
Anton Harrison,JAX,Unknown,OT,4199530.0,2549799.0,1649731.0,0.0,0.0,0.0,2549799.0,0.0
Brian Thomas Jr.,JAX,Unknown,WR,3998176.0,1075000.0,1870450.0,0.0,1052726.0,0.0,2127726.0,0.0
Montaric Brown,JAX,Unknown,CB,3926471.0,1500000.0,2200000.0,0.0,0.0,50000.0,1500000.0,0.0
Chuma Edoga,JAX,Unknown,OT,3917647.0,2200000.0,1000000.0,0.0,0.0,100000.0,0.0,0.0
Antonio Johnson,JAX,Unknown,S,3749458.0,3674000.0,75458.0,0.0,0.0,0.0,0.0,0.0
Parker Washington,JAX,Unknown,WR,3722066.0,3674000.0,48066.0,0.0,0.0,0.0,0.0,0.0
Hunter Long,JAX,Unknown,TE,2757353.0,2000000.0,375000.0,0.0,0.0,250000.0,1000000.0,0.0
Logan Cooke,JAX,Unknown,P,2690000.0,1300000.0,1340000.0,0.0,0.0,50000.0,1300000.0,0.0
Nick Mullens,JAX,Unknown,QB,2500000.0,1700000.0,500000.0,0.0,0.0,150000.0,800000.0,0.0
Chris Rodriguez Jr.,JAX,Unknown,RB,2245000.0,1200000.0,800000.0,0.0,0.0,50000.0,1200000.0,0.0
Dennis Gardeck,JAX,Unknown,EDGE,2100000.0,1400000.0,350000.0,0.0,0.0,100000.0,1400000.0,0.0
Quintin Morris,JAX,Unknown,TE,1955882.0,1350000.0,350000.0,0.0,0.0,50000.0,1350000.0,0.0
Brenton Strange,JAX,Unknown,TE,1945473.0,1483775.0,361698.0,0.0,0.0,100000.0,0.0,0.0
Ruke Orhorhoro,JAX,Unknown,IDL,1696466.0,1696466.0,0.0,0.0,0.0,0.0,1696466.0,0.0
Nate Boerkircher,JAX,Unknown,TE,1552545.0,885000.0,667545.0,0.0,0.0,0.0,885000.0,0.0
Jarrian Jones,JAX,Unknown,CB,1526267.0,1253756.0,222511.0,0.0,0.0,50000.0,0.0,0.0
Caleb Ransaw,JAX,Unknown,S,1427518.0,1075504.0,302014.0,0.0,0.0,50000.0,0.0,0.0
Wyatt Milum,JAX,Unknown,OT,1426660.0,1075332.0,301328.0,0.0,0.0,50000.0,0.0,0.0
Ross Matiscik,JAX,Unknown,LS,1375000.0,1215000.0,110000.0,0.0,0.0,0.0,0.0,0.0
Ventrell Miller,JAX,Unknown,LB,1329234.0,1145000.0,184234.0,0.0,0.0,0.0,0.0,0.0
Bhayshul Tuten,JAX,Unknown,RB,1314130.0,1005000.0,269130.0,0.0,0.0,40000.0,0.0,0.0
Albert Regis,JAX,Unknown,IDL,1273093.0,885000.0,388093.0,0.0,0.0,0.0,0.0,0.0
Jack Kiser,JAX,Unknown,LB,1269149.0,1005000.0,264149.0,0.0,0.0,0.0,0.0,0.0
Emmanuel Pregnon,JAX,Unknown,OG,1242906.0,885000.0,357906.0,0.0,0.0,0.0,0.0,0.0
Keith Taylor,JAX,Unknown,CB,1240000.0,1215000.0,0.0,0.0,0.0,25000.0,0.0,0.0
Yasir Abdullah,JAX,Unknown,LB,1236304.0,1145000.0,91304.0,0.0,0.0,0.0,0.0,0.0
Matt Dickerson,JAX,Unknown,IDL,1225000.0,1300000.0,100000.0,0.0,0.0,50000.0,0.0,0.0
Jalen Huskey,JAX,Unknown,S,1217073.0,885000.0,332073.0,0.0,0.0,0.0,0.0,0.0
Wesley Williams,JAX,Unknown,EDGE,1170380.0,885000.0,285380.0,0.0,0.0,0.0,0.0,0.0
Austin Trammell,JAX,Unknown,WR,1155000.0,1145000.0,10000.0,0.0,0.0,0.0,0.0,0.0
Christian Braswell,JAX,Unknown,CB,1145000.0,1145000.0,0.0,0.0,0.0,0.0,0.0,0.0
DeeJay Dallas,JAX,Unknown,RB,1125000.0,1215000.0,0.0,0.0,0.0,50000.0,200000.0,0.0
Cam Little,JAX,Unknown,K,1109597.0,1075000.0,34597.0,0.0,0.0,0.0,0.0,0.0
Ameer Abdullah,JAX,Unknown,RB,1075000.0,1300000.0,0.0,0.0,0.0,0.0,0.0,0.0
Tim Jones,JAX,Unknown,WR,1075000.0,1215000.0,0.0,0.0,0.0,0.0,0.0,0.0
Rayuan Lane III,JAX,Unknown,S,1060544.0,1005000.0,55544.0,0.0,0.0,0.0,0.0,0.0
Jonah Monheim,JAX,Unknown,C,1041077.0,1005000.0,36077.0,0.0,0.0,0.0,0.0,0.0
LeQuint Allen,JAX,Unknown,RB,1034689.0,1005000.0,29689.0,0.0,0.0,0.0,0.0,0.0
Danny Striggow,JAX,Unknown,EDGE,1011666.0,1005000.0,6666.0,0.0,0.0,0.0,0.0,0.0
B.J. Green II,JAX,Unknown,IDL,1005833.0,1005000.0,833.0,0.0,0.0,0.0,0.0,0.0
Cam'Ron Silmon-Craig,JAX,Unknown,S,1005000.0,1005000.0,0.0,0.0,0.0,0.0,0.0,0.0
Ricky Lee,JAX,Unknown,OT,1005000.0,1005000.0,0.0,0.0,0.0,0.0,0.0,0.0
Branson Combs,JAX,Unknown,LB,1005000.0,1005000.0,0.0,0.0,0.0,0.0,0.0,0.0
Carter Bradley,JAX,Unknown,QB,1005000.0,1005000.0,0.0,0.0,0.0,0.0,0.0,0.0
Tanner Koziol,JAX,Unknown,TE,1004210.0,885000.0,119210.0,0.0,0.0,0.0,0.0,0.0
Josh Cameron,JAX,Unknown,WR,957518.0,885000.0,72518.0,0.0,0.0,0.0,0.0,0.0
C.J. Williams,JAX,Unknown,WR,952070.0,885000.0,67070.0,0.0,0.0,0.0,0.0,0.0
Jalen McLeod,JAX,Unknown,EDGE,942632.0,885000.0,57632.0,0.0,0.0,0.0,0.0,0.0
Zach Durfee,JAX,Unknown,EDGE,922964.0,885000.0,37964.0,0.0,0.0,0.0,0.0,0.0
Patrick Herbert,JAX,Unknown,TE,918667.0,885000.0,33667.0,0.0,0.0,0.0,0.0,0.0
Parker Hughes,JAX,Unknown,LB,917698.0,885000.0,32698.0,0.0,0.0,0.0,0.0,0.0
Bryan Thomas Jr.,JAX,Unknown,EDGE,895000.0,885000.0,10000.0,0.0,0.0,0.0,247500.0,0.0
J'Mari Taylor,JAX,Unknown,RB,895000.0,885000.0,10000.0,0.0,0.0,0.0,247500.0,0.0
Devin Neal,JAX,Unknown,RB,892000.0,885000.0,7000.0,0.0,0.0,0.0,210000.0,0.0
Trebor Pena,JAX,Unknown,WR,891666.0,885000.0,6666.0,0.0,0.0,0.0,100000.0,0.0
Jalen Hunt,JAX,Unknown,IDL,890000.0,885000.0,5000.0,0.0,0.0,0.0,200000.0,0.0
Ben Patterson,JAX,Unknown,WR,890000.0,885000.0,0.0,0.0,0.0,0.0,0.0,0.0
Ethan Conner,JAX,Unknown,TE,889000.0,885000.0,4000.0,0.0,0.0,0.0,0.0,0.0
Michael Wortham,JAX,Unknown,WR,888333.0,885000.0,3333.0,0.0,0.0,0.0,110000.0,0.0
Jimto Obidegwu,JAX,Unknown,OG,888333.0,885000.0,3333.0,0.0,0.0,0.0,200000.0,0.0
T.J. Bollers,JAX,Unknown,IDL,888333.0,885000.0,3333.0,0.0,0.0,0.0,247500.0,0.0
Brady Boyd,JAX,Unknown,WR,888333.0,885000.0,3333.0,0.0,0.0,0.0,0.0,0.0
Preston Hodge,JAX,Unknown,CB,888333.0,885000.0,3333.0,0.0,0.0,0.0,57500.0,0.0
Devon Marshall,JAX,Unknown,CB,888333.0,885000.0,3333.0,0.0,0.0,0.0,150000.0,0.0
Quindarius Dunnigan,JAX,Unknown,EDGE,885000.0,885000.0,0.0,0.0,0.0,0.0,0.0,0.0
Garrett DiGiorgio,JAX,Unknown,OG,885000.0,885000.0,0.0,0.0,0.0,0.0,247500.0,0.0
Joey Aguilar,JAX,Unknown,QB,885000.0,885000.0,0.0,0.0,0.0,0.0,247500.0,0.0
Trevian Thomas,JAX,Unknown,S,885000.0,885000.0,0.0,0.0,0.0,0.0,0.0,0.0
Sal Wormley,JAX,Unknown,OG,885000.0,885000.0,0.0,0.0,0.0,0.0,0.0,0.0
Chandler Brayboy,JAX,Unknown,WR,885000.0,885000.0,0.0,0.0,0.0,0.0,0.0,0.0
Jerome Carvin,JAX,Unknown,OG,885000.0,885000.0,0.0,0.0,0.0,0.0,0.0,0.0
Keni-H Lovely,JAX,Unknown,CB,885000.0,885000.0,0.0,0.0,0.0,0.0,0.0,0.0
Jabbar Muhammad,JAX,Unknown,CB,885000.0,885000.0,0.0,0.0,0.0,0.0,0.0,0.0
Keivie Rose,JAX,Unknown,IDL,885000.0,885000.0,0.0,0.0,0.0,0.0,0.0,0.0
Kilian Zierer,JAX,Unknown,OT,0.0,885000.0,0.0,0.0,0.0,0.0,0.0,0.0
Chris Jones,KC,Unknown,CB,44850000.0,19000000.0,9750000.0,0.0,16000000.0,100000.0,35000000.0,0.0
Patrick Mahomes,KC,Unknown,QB,34653888.0,1300000.0,32353888.0,0.0,0.0,1000000.0,0.0,0.0
Trey Smith,KC,Unknown,OG,24495277.0,19750000.0,4495277.0,0.0,0.0,250000.0,19750000.0,0.0
Nick Bolton,KC,Unknown,LB,19250000.0,14750000.0,4250000.0,0.0,0.0,250000.0,15000000.0,0.0
Jaylon Moore,KC,Unknown,OT,18685000.0,14240000.0,3745000.0,0.0,0.0,250000.0,7000000.0,0.0
Creed Humphrey,KC,Unknown,C,18100000.0,14250000.0,3600000.0,0.0,0.0,250000.0,14250000.0,0.0
Kristian Fulton,KC,Unknown,CB,13000000.0,9750000.0,3000000.0,0.0,0.0,250000.0,5000000.0,0.0
George Karlaftis,KC,Unknown,EDGE,7402000.0,1215000.0,5937000.0,0.0,0.0,250000.0,1215000.0,0.0
Harrison Butker,KC,Unknown,K,7305000.0,5805000.0,1400000.0,0.0,0.0,100000.0,5805000.0,0.0
Noah Gray,KC,Unknown,TE,6970000.0,4740000.0,1500000.0,0.0,0.0,250000.0,0.0,0.0
Kenneth Walker III,KC,Unknown,RB,5683333.0,1215000.0,4333333.0,0.0,0.0,135000.0,1350000.0,0.0
Drue Tranquill,KC,Unknown,LB,5000000.0,2245000.0,2250000.0,0.0,0.0,250000.0,2245000.0,0.0
Travis Kelce,KC,Unknown,TE,4896667.0,3000000.0,3551666.0,0.0,3000000.0,0.0,0.0,0.0
Chamarri Conner,KC,Unknown,S,3861841.0,3674000.0,187841.0,0.0,0.0,0.0,0.0,0.0
Xavier Worthy,KC,Unknown,WR,3760981.0,2048660.0,1712321.0,0.0,0.0,0.0,2048660.0,0.0
Felix Anudike-Uzomah,KC,Unknown,EDGE,3760216.0,2361522.0,1398694.0,0.0,0.0,0.0,2361522.0,0.0
Alohi Gilman,KC,Unknown,S,3500000.0,1250000.0,2000000.0,0.0,0.0,250000.0,1500000.0,0.0
Tyquan Thornton,KC,Unknown,WR,3500000.0,1400000.0,2000000.0,0.0,0.0,100000.0,1400000.0,0.0
Josh Simmons,KC,Unknown,OT,3335308.0,1507062.0,1828246.0,0.0,0.0,0.0,1507062.0,0.0
Khyiris Tonga,KC,Unknown,IDL,3266666.0,1215000.0,1866666.0,0.0,0.0,185000.0,1400000.0,0.0
Justin Fields,KC,Unknown,QB,3000000.0,3000000.0,0.0,0.0,0.0,0.0,3000000.0,0.0
R Mason Thomas,KC,Unknown,EDGE,2217601.0,885000.0,1332601.0,0.0,0.0,0.0,885000.0,0.0
Rashee Rice,KC,Unknown,WR,2066660.0,1635711.0,430949.0,0.0,0.0,0.0,0.0,0.0
Kader Kohou,KC,Unknown,CB,1810000.0,1145000.0,665000.0,0.0,0.0,0.0,1145000.0,0.0
Kaiir Elam,KC,Unknown,CB,1775000.0,1215000.0,0.0,0.0,0.0,0.0,500000.0,0.0
Kingsley Suamataia,KC,Unknown,OG,1751320.0,1303774.0,372546.0,0.0,0.0,75000.0,0.0,0.0
Wanya Morris,KC,Unknown,OT,1708112.0,1482048.0,226064.0,0.0,0.0,0.0,0.0,0.0
James Winchester,KC,Unknown,TE,1700000.0,1300000.0,400000.0,0.0,0.0,0.0,1300000.0,0.0
Omarr Norman-Lott,KC,Unknown,IDL,1636449.0,1167290.0,469159.0,0.0,0.0,0.0,1167290.0,0.0
Ashton Gillotte,KC,Unknown,EDGE,1532869.0,1096574.0,386295.0,0.0,0.0,50000.0,0.0,0.0
Nohl Williams,KC,Unknown,CB,1439889.0,1077978.0,311911.0,0.0,0.0,50000.0,0.0,0.0
Jack Cochrane,KC,Unknown,LB,1415000.0,1215000.0,150000.0,0.0,50000.0,0.0,500000.0,0.0
Mike Caliendo,KC,Unknown,OG,1350000.0,1150000.0,150000.0,0.0,0.0,0.0,500000.0,0.0
Jared Wiley,KC,Unknown,TE,1247155.0,1075000.0,172155.0,0.0,0.0,0.0,0.0,0.0
Emari Demercado,KC,Unknown,RB,1238235.0,1150000.0,50000.0,0.0,0.0,0.0,500000.0,0.0
Jalen Royals,KC,Unknown,WR,1221800.0,1005000.0,216800.0,0.0,0.0,0.0,0.0,0.0
Cole Christiansen,KC,Unknown,LB,1215000.0,1215000.0,0.0,0.0,0.0,0.0,247500.0,0.0
Jaden Hicks,KC,Unknown,S,1207177.0,1075000.0,132177.0,0.0,0.0,0.0,0.0,0.0
Jadon Canady,KC,Unknown,CB,1191833.0,885000.0,306833.0,0.0,0.0,0.0,0.0,0.0
Hunter Nourzad,KC,Unknown,C,1154879.0,1075000.0,79879.0,0.0,0.0,0.0,0.0,0.0
Jeffrey Bassa,KC,Unknown,LB,1108413.0,1005000.0,103413.0,0.0,0.0,0.0,0.0,0.0
Christian Roland-Wallace,KC,Unknown,CB,1076668.0,1075000.0,1668.0,0.0,0.0,0.0,0.0,0.0
Nikko Remigio,KC,Unknown,WR,1075000.0,1075000.0,0.0,0.0,0.0,0.0,0.0,0.0
Matt Waletzko,KC,Unknown,OT,1075000.0,1075000.0,0.0,0.0,0.0,0.0,0.0,0.0
Jason Brownlee,KC,Unknown,WR,1075000.0,1075000.0,0.0,0.0,0.0,0.0,0.0,0.0
Tanner McCalister,KC,Unknown,S,1075000.0,1075000.0,0.0,0.0,0.0,0.0,0.0,0.0
Matt Araiza,KC,Unknown,P,1075000.0,1075000.0,0.0,0.0,0.0,0.0,0.0,0.0
C.J. Hanson,KC,Unknown,OG,1075000.0,1075000.0,0.0,0.0,0.0,0.0,0.0,0.0
Brashard Smith,KC,Unknown,RB,1038369.0,1005000.0,33369.0,0.0,0.0,0.0,0.0,0.0
Ethan Driskell,KC,Unknown,OT,1018334.0,1005000.0,13334.0,0.0,0.0,0.0,0.0,0.0
Emmett Johnson,KC,Unknown,RB,1006409.0,885000.0,121409.0,0.0,0.0,0.0,0.0,0.0
Tyreke Smith,KC,Unknown,EDGE,1005000.0,1005000.0,0.0,0.0,0.0,0.0,0.0,0.0
Cooper McDonald,KC,Unknown,LB,1005000.0,1005000.0,0.0,0.0,0.0,0.0,0.0,0.0
Kevin Knowles II,KC,Unknown,CB,1005000.0,1005000.0,0.0,0.0,0.0,0.0,0.0,0.0
Esa Pole,KC,Unknown,OT,1005000.0,1005000.0,0.0,0.0,0.0,0.0,0.0,0.0
Chukwuebuka Godrick,KC,Unknown,OT,1005000.0,1005000.0,0.0,0.0,0.0,0.0,0.0,0.0
Chris Oladokun,KC,Unknown,QB,1005000.0,1005000.0,0.0,0.0,0.0,0.0,0.0,0.0
Cyrus Allen,KC,Unknown,WR,979869.0,885000.0,94869.0,0.0,0.0,0.0,0.0,0.0
Garrett Nussmeier,KC,Unknown,QB,915122.0,885000.0,30122.0,0.0,0.0,0.0,0.0,0.0
Jake Briningstool,KC,Unknown,TE,895000.0,885000.0,10000.0,0.0,0.0,0.0,0.0,0.0
Jeff Caldwell,KC,Unknown,WR,893333.0,885000.0,8333.0,0.0,0.0,0.0,247500.0,0.0
Xavier Nwankpa,KC,Unknown,S,891666.0,885000.0,6666.0,0.0,0.0,0.0,247500.0,0.0
John Michael Gyllenborg,KC,Unknown,TE,891666.0,885000.0,6666.0,0.0,0.0,0.0,247500.0,0.0
Josh Thompson,KC,Unknown,CB,891666.0,885000.0,6666.0,0.0,0.0,0.0,247500.0,0.0
DeShon Singleton,KC,Unknown,S,891666.0,885000.0,6666.0,0.0,0.0,0.0,247500.0,0.0
Bryce Phillips,KC,Unknown,CB,891666.0,885000.0,6666.0,0.0,0.0,0.0,247500.0,0.0
Vincent Anthony,KC,Unknown,EDGE,891666.0,885000.0,6666.0,0.0,0.0,0.0,247500.0,0.0
Pete Nygra,KC,Unknown,C,891666.0,885000.0,6666.0,0.0,0.0,0.0,247500.0,0.0
Zelmar Vedder,KC,Unknown,CB,888333.0,885000.0,3333.0,0.0,0.0,0.0,175000.0,0.0
Cole Brevard,KC,Unknown,IDL,888333.0,885000.0,3333.0,0.0,0.0,0.0,50000.0,0.0
Wesley Bissainthe,KC,Unknown,LB,888333.0,885000.0,3333.0,0.0,0.0,0.0,159000.0,0.0
Omari Evans,KC,Unknown,WR,886666.0,885000.0,1666.0,0.0,0.0,0.0,80000.0,0.0
Damon Payne Jr.,KC,Unknown,IDL,886666.0,885000.0,1666.0,0.0,0.0,0.0,75000.0,0.0
Kam Arnold,KC,Unknown,LB,885000.0,885000.0,0.0,0.0,0.0,0.0,0.0,0.0
Tre Watson,KC,Unknown,RB,885000.0,885000.0,0.0,0.0,0.0,0.0,0.0,0.0
Melvin Smith,KC,Unknown,CB,885000.0,885000.0,0.0,0.0,0.0,0.0,0.0,0.0
Ethan Downs,KC,Unknown,EDGE,885000.0,885000.0,0.0,0.0,0.0,0.0,0.0,0.0
Marcus Harris,KC,Unknown,CB,885000.0,885000.0,0.0,0.0,0.0,0.0,0.0,0.0
Jimmy Holiday,KC,Unknown,WR,885000.0,885000.0,0.0,0.0,0.0,0.0,0.0,0.0
Marlen Sewell,KC,Unknown,S,885000.0,885000.0,0.0,0.0,0.0,0.0,0.0,0.0
Jaydn Ott,KC,Unknown,RB,885000.0,885000.0,0.0,0.0,0.0,0.0,75000.0,0.0
Kahlil Benson,KC,Unknown,OG,885000.0,885000.0,0.0,0.0,0.0,0.0,0.0,0.0
Jacob De Jesus,KC,Unknown,WR,885000.0,885000.0,0.0,0.0,0.0,0.0,0.0,0.0
Anthony Dunn,KC,Unknown,LB,885000.0,885000.0,0.0,0.0,0.0,0.0,15000.0,0.0
Amari McNeill,KC,Unknown,IDL,885000.0,885000.0,0.0,0.0,0.0,0.0,0.0,0.0
D'Arco Perkins-McAllister,KC,Unknown,CB,885000.0,885000.0,0.0,0.0,0.0,0.0,175000.0,0.0
E.J. Smith,KC,Unknown,RB,885000.0,885000.0,0.0,0.0,0.0,0.0,100000.0,0.0
Xavier Loyd,KC,Unknown,WR,885000.0,885000.0,0.0,0.0,0.0,0.0,0.0,0.0
Mansoor Delane,KC,Unknown,CB,885000.0,885000.0,0.0,0.0,0.0,0.0,0.0,0.0
Peter Woods,KC,Unknown,IDL,885000.0,885000.0,0.0,0.0,0.0,0.0,0.0,0.0
Andrew Armstrong,KC,Unknown,WR,885000.0,885000.0,0.0,0.0,0.0,0.0,0.0,0.0
Maxx Crosby,LV,Unknown,EDGE,35791250.0,30000000.0,5101250.0,0.0,0.0,0.0,30000000.0,0.0
Kolton Miller,LV,Unknown,OT,22540000.0,20000000.0,2500000.0,0.0,0.0,0.0,20000000.0,0.0
Tyler Linderbaum,LV,Unknown,C,14000000.0,10000000.0,4000000.0,0.0,0.0,0.0,3000000.0,0.0
Malcolm Koonce,LV,Unknown,EDGE,11010000.0,5250000.0,5250000.0,0.0,0.0,0.0,5250000.0,0.0
Quay Walker,LV,Unknown,LB,9666666.0,7250000.0,2416666.0,0.0,0.0,0.0,7250000.0,0.0
Jeremy Chinn,LV,Unknown,S,9555000.0,7000000.0,2000000.0,0.0,0.0,0.0,4250000.0,0.0
Kwity Paye,LV,Unknown,EDGE,9422666.0,5500000.0,3412666.0,0.0,0.0,0.0,5500000.0,0.0
Taron Johnson,LV,Unknown,CB,8670000.0,8100000.0,0.0,0.0,0.0,150000.0,1175000.0,0.0
Ashton Jeanty,LV,Unknown,RB,8158139.0,1005000.0,5686511.0,0.0,1466628.0,0.0,2471628.0,0.0
Jalen Nailor,LV,Unknown,WR,8010000.0,5500000.0,2000000.0,0.0,0.0,0.0,5500000.0,0.0
Nakobe Dean,LV,Unknown,LB,7966666.0,5750000.0,1916666.0,0.0,0.0,0.0,5750000.0,0.0
Eric Stokes,LV,Unknown,CB,6680000.0,5000000.0,1200000.0,0.0,0.0,0.0,5000000.0,0.0
Adam Butler,LV,Unknown,IDL,6573333.0,5250000.0,1083333.0,0.0,0.0,0.0,5250000.0,0.0
A.J. Cole,LV,Unknown,P,5000000.0,4500000.0,500000.0,0.0,0.0,0.0,3500000.0,0.0
Brock Bowers,LV,Unknown,TE,4946941.0,1075000.0,2502961.0,0.0,1368980.0,0.0,2443980.0,0.0
Isaiah Pola-Mao,LV,Unknown,S,4860000.0,3270000.0,750000.0,0.0,0.0,0.0,0.0,0.0
Tre Tucker,LV,Unknown,WR,3888378.0,3674000.0,214378.0,0.0,0.0,0.0,0.0,0.0
Aidan O'Connell,LV,Unknown,QB,3801345.0,3674000.0,127345.0,0.0,0.0,0.0,0.0,0.0
Thomas Booker,LV,Unknown,EDGE,3674000.0,3674000.0,0.0,0.0,0.0,0.0,0.0,0.0
Jordan Meredith,LV,Unknown,C,3520000.0,3520000.0,0.0,0.0,0.0,0.0,0.0,0.0
Spencer Burford,LV,Unknown,OG,3075000.0,1245000.0,1500000.0,0.0,0.0,0.0,1245000.0,0.0
Michael Mayer,LV,Unknown,TE,2963430.0,2020041.0,943389.0,0.0,0.0,0.0,303100.0,0.0
Jackson Powers-Johnson,LV,Unknown,OG,2391208.0,1592070.0,799138.0,0.0,0.0,0.0,1592070.0,0.0
Treydan Stukes,LV,Unknown,S,2290543.0,885000.0,1405543.0,0.0,0.0,0.0,885000.0,0.0
Matt Gay,LV,Unknown,K,2087500.0,1400000.0,200000.0,0.0,0.0,0.0,1150000.0,0.0
Dareke Young,LV,Unknown,WR,1754000.0,1215000.0,485000.0,0.0,0.0,0.0,315000.0,0.0
Connor Heyward,LV,Unknown,TE,1742500.0,1215000.0,357500.0,0.0,0.0,0.0,1215000.0,0.0
Jack Bech,LV,Unknown,WR,1717914.0,1183583.0,534331.0,0.0,0.0,0.0,1183583.0,0.0
Ian Thomas,LV,Unknown,TE,1600000.0,1300000.0,187500.0,0.0,0.0,0.0,297500.0,0.0
Delmar Glaze,LV,Unknown,OT,1599761.0,1328254.0,271507.0,0.0,0.0,0.0,0.0,0.0
Benito Jones,LV,Unknown,IDL,1572500.0,1215000.0,217500.0,0.0,0.0,0.0,412500.0,0.0
Darien Porter,LV,Unknown,CB,1528203.0,1145641.0,382562.0,0.0,0.0,0.0,0.0,0.0
Caleb Rogers,LV,Unknown,OT,1400269.0,1120054.0,280215.0,0.0,0.0,0.0,0.0,0.0
Charles Grant,LV,Unknown,EDGE,1400269.0,1120054.0,280215.0,0.0,0.0,0.0,0.0,0.0
Kirk Cousins,LV,Unknown,QB,1300000.0,1300000.0,0.0,0.0,0.0,0.0,1300000.0,0.0
Decamerion Richardson,LV,Unknown,CB,1275254.0,1075000.0,200254.0,0.0,0.0,0.0,0.0,0.0
Dont'e Thornton Jr.,LV,Unknown,WR,1267725.0,1005000.0,262725.0,0.0,0.0,0.0,0.0,0.0
Trey Zuhn III,LV,Unknown,C,1241278.0,885000.0,356278.0,0.0,0.0,0.0,0.0,0.0
Tonka Hemingway,LV,Unknown,IDL,1171454.0,1005000.0,166454.0,0.0,0.0,0.0,0.0,0.0
Mike Washington Jr.,LV,Unknown,RB,1164039.0,885000.0,279039.0,0.0,0.0,0.0,0.0,0.0
Tommy Eichenberg,LV,Unknown,LB,1159428.0,1075000.0,84428.0,0.0,0.0,0.0,0.0,0.0
Segun Olubi,LV,Unknown,LB,1145000.0,1145000.0,0.0,0.0,0.0,0.0,0.0,0.0
Alex Ward,LV,Unknown,LS,1145000.0,1145000.0,0.0,0.0,0.0,0.0,0.0,0.0
Atonio Mafi,LV,Unknown,OG,1145000.0,1145000.0,0.0,0.0,0.0,0.0,0.0,0.0
Tristin McCollum,LV,Unknown,S,1145000.0,1145000.0,0.0,0.0,0.0,0.0,0.0,0.0
Dylan Laube,LV,Unknown,RB,1113798.0,1075000.0,38798.0,0.0,0.0,0.0,0.0,0.0
Chigozie Anusiem,LV,Unknown,CB,1075000.0,1075000.0,0.0,0.0,0.0,0.0,0.0,0.0
Jonah Laulu,LV,Unknown,IDL,1075000.0,1075000.0,0.0,0.0,0.0,0.0,0.0,0.0
Brennan Jackson,LV,Unknown,EDGE,1075000.0,1075000.0,0.0,0.0,0.0,0.0,0.0,0.0
Shedrick Jackson,LV,Unknown,WR,1075000.0,1075000.0,0.0,0.0,0.0,0.0,0.0,0.0
Cameron McGrone,LV,Unknown,LB,1075000.0,1215000.0,0.0,0.0,0.0,0.0,0.0,0.0
Phillip Dorsett,LV,Unknown,WR,1075000.0,1300000.0,0.0,0.0,0.0,0.0,0.0,0.0
Albert Okwuegbunam,LV,Unknown,TE,1075000.0,1215000.0,0.0,0.0,0.0,0.0,0.0,0.0
JJ Pegues,LV,Unknown,IDL,1071785.0,1005000.0,66785.0,0.0,0.0,0.0,0.0,0.0
Cody Lindenberg,LV,Unknown,LB,1040292.0,1005000.0,35292.0,0.0,0.0,0.0,0.0,0.0
Dalton Johnson,LV,Unknown,S,1014939.0,885000.0,129939.0,0.0,0.0,0.0,0.0,0.0
Chris Collier,LV,Unknown,RB,1005000.0,1005000.0,0.0,0.0,0.0,0.0,0.0,0.0
Will Putnam,LV,Unknown,C,1005000.0,1005000.0,0.0,0.0,0.0,0.0,0.0,0.0
Greedy Vance Jr.,LV,Unknown,CB,1005000.0,1005000.0,0.0,0.0,0.0,0.0,0.0,0.0
Carter Runyon,LV,Unknown,TE,1005000.0,1005000.0,0.0,0.0,0.0,0.0,0.0,0.0
Hezekiah Masses,LV,Unknown,CB,979869.0,885000.0,94869.0,0.0,0.0,0.0,0.0,0.0
Malik Benson,LV,Unknown,WR,954433.0,885000.0,69433.0,0.0,0.0,0.0,0.0,0.0
Brandon Cleveland,LV,Unknown,IDL,924537.0,885000.0,39537.0,0.0,0.0,0.0,0.0,0.0
Corey Rucker,LV,Unknown,WR,893333.0,885000.0,8333.0,0.0,0.0,0.0,247500.0,0.0
Cian Slone,LV,Unknown,EDGE,893333.0,885000.0,8333.0,0.0,0.0,0.0,247500.0,0.0
Roman Hemby,LV,Unknown,RB,891666.0,885000.0,6666.0,0.0,0.0,0.0,200000.0,0.0
Justin Pickett,LV,Unknown,OG,891666.0,885000.0,6666.0,0.0,0.0,0.0,150000.0,0.0
Isaiah Jatta,LV,Unknown,OT,891666.0,885000.0,6666.0,0.0,0.0,0.0,100000.0,0.0
Chase Roberts,LV,Unknown,WR,891666.0,885000.0,6666.0,0.0,0.0,0.0,247500.0,0.0
Tanner Wall,LV,Unknown,S,891000.0,885000.0,6000.0,0.0,0.0,0.0,70000.0,0.0
Gary Smith III,LV,Unknown,IDL,890000.0,885000.0,5000.0,0.0,0.0,0.0,100000.0,0.0
Jacob Clark,LV,Unknown,QB,888333.0,885000.0,3333.0,0.0,0.0,0.0,0.0,0.0
E.J. Williams Jr.,LV,Unknown,WR,888333.0,885000.0,3333.0,0.0,0.0,0.0,10000.0,0.0
Xavian Sorey Jr.,LV,Unknown,LB,888333.0,885000.0,3333.0,0.0,0.0,0.0,60000.0,0.0
Kansei Matsuzawa,LV,Unknown,K,888333.0,885000.0,3333.0,0.0,0.0,0.0,15000.0,0.0
Tyler Duzansky,LV,Unknown,LS,888333.0,885000.0,3333.0,0.0,0.0,0.0,100000.0,0.0
Caleb Offord,LV,Unknown,CB,887333.0,885000.0,2333.0,0.0,0.0,0.0,12000.0,0.0
Devin Lafayette,LV,Unknown,S,886666.0,885000.0,1666.0,0.0,0.0,0.0,11000.0,0.0
Laki Tasi,LV,Unknown,IDL,885000.0,885000.0,0.0,0.0,0.0,0.0,0.0,0.0
Treven Ma'ae,LV,Unknown,IDL,885000.0,885000.0,0.0,0.0,0.0,0.0,0.0,0.0
Jahfari Harvey,LV,Unknown,EDGE,885000.0,885000.0,0.0,0.0,0.0,0.0,0.0,0.0
Jermod McCoy,LV,Unknown,CB,885000.0,885000.0,0.0,0.0,0.0,0.0,0.0,0.0
Keyron Crawford,LV,Unknown,EDGE,885000.0,885000.0,0.0,0.0,0.0,0.0,0.0,0.0
Fernando Mendoza,LV,Unknown,QB,885000.0,885000.0,0.0,0.0,0.0,0.0,0.0,0.0
Dalton Wagner,LV,Unknown,OT,885000.0,885000.0,0.0,0.0,0.0,0.0,0.0,0.0
Devyn Perkins,LV,Unknown,S,885000.0,885000.0,0.0,0.0,0.0,0.0,0.0,0.0
Niklas Henning,LV,Unknown,OT,885000.0,885000.0,0.0,0.0,0.0,0.0,0.0,0.0
Christian Thomas,LV,Unknown,LB,885000.0,885000.0,0.0,0.0,0.0,0.0,0.0,0.0
Jonathan Brady,LV,Unknown,WR,885000.0,885000.0,0.0,0.0,0.0,0.0,0.0,0.0
Patrick Gurd,LV,Unknown,TE,885000.0,885000.0,0.0,0.0,0.0,0.0,0.0,0.0
Kamar Missouri,LV,Unknown,OT,885000.0,885000.0,0.0,0.0,0.0,0.0,0.0,0.0
Justin Herbert,LAC,Unknown,QB,46345675.0,24000000.0,3224375.0,19121300.0,0.0,0.0,24000000.0,0.0
Derwin James,LAC,Unknown,S,24606495.0,14500000.0,4106495.0,3000000.0,3000000.0,0.0,3000000.0,0.0
Rashawn Slater,LAC,Unknown,OT,23800000.0,11000000.0,5800000.0,0.0,7000000.0,0.0,18000000.0,0.0
Khalil Mack,LAC,Unknown,EDGE,18000000.0,8000000.0,10000000.0,0.0,0.0,0.0,8000000.0,0.0
Joe Alt,LAC,Unknown,OT,9043894.0,1075000.0,5234262.0,0.0,2734632.0,0.0,3809632.0,0.0
Donte Jackson,LAC,Unknown,CB,8500000.0,6000000.0,2500000.0,0.0,0.0,0.0,0.0,0.0
Elijah Molden,LAC,Unknown,S,7916666.0,6000000.0,1916666.0,0.0,0.0,0.0,6000000.0,0.0
Dalvin Tomlinson,LAC,Unknown,IDL,6800000.0,2690000.0,3000000.0,0.0,0.0,0.0,2690000.0,0.0
Tuli Tuipulotu,LAC,Unknown,EDGE,6211797.0,5767000.0,444797.0,0.0,0.0,0.0,0.0,0.0
Teair Tart,LAC,Unknown,IDL,6020000.0,3000000.0,2000000.0,0.0,0.0,0.0,4020000.0,0.0
Cameron Dicker,LAC,Unknown,K,5725000.0,4250000.0,600000.0,875000.0,0.0,0.0,0.0,0.0
Cole Strange,LAC,Unknown,OG,5250000.0,3500000.0,1750000.0,0.0,0.0,0.0,3500000.0,0.0
Quentin Johnston,LAC,Unknown,WR,4514614.0,2684835.0,1829779.0,0.0,0.0,0.0,2684835.0,0.0
Charlie Kolar,LAC,Unknown,TE,4333333.0,2000000.0,2333333.0,0.0,0.0,0.0,2000000.0,0.0
Tyler Biadasz,LAC,Unknown,C,4250000.0,1250000.0,3000000.0,0.0,0.0,0.0,1250000.0,0.0
Omarion Hampton,LAC,Unknown,RB,4039651.0,1005000.0,2391721.0,0.0,642930.0,0.0,1647930.0,0.0
Daiyan Henley,LAC,Unknown,LB,3909532.0,3674000.0,235532.0,0.0,0.0,0.0,0.0,0.0
J.K. Scott,LAC,Unknown,P,3800000.0,2350000.0,950000.0,0.0,500000.0,0.0,500000.0,0.0
Trey Pipkins,LAC,Unknown,OT,3775000.0,1825000.0,1375000.0,0.0,0.0,0.0,1825000.0,0.0
Bud Dupree,LAC,Unknown,EDGE,3740000.0,2250000.0,250000.0,0.0,1000000.0,0.0,1000000.0,0.0
Trevor Penning,LAC,Unknown,OT,3500000.0,2250000.0,1250000.0,0.0,0.0,0.0,2250000.0,0.0
Troy Dye,LAC,Unknown,LB,3400000.0,2150000.0,750000.0,0.0,500000.0,0.0,500000.0,0.0
Alec Ingold,LAC,Unknown,RB,3275000.0,2310000.0,625000.0,0.0,0.0,0.0,2310000.0,0.0
Keaton Mitchell,LAC,Unknown,RB,3125000.0,1250000.0,1875000.0,0.0,0.0,0.0,1250000.0,0.0
David Njoku,LAC,Unknown,TE,2950000.0,1300000.0,850000.0,0.0,0.0,0.0,0.0,0.0
Del'Shawn Phillips,LAC,Unknown,LB,2750000.0,1500000.0,1250000.0,0.0,0.0,0.0,1500000.0,0.0
Ladd McConkey,LAC,Unknown,WR,2725960.0,1703654.0,1022306.0,0.0,0.0,0.0,1703654.0,0.0
Trey Lance,LAC,Unknown,QB,2500000.0,1700000.0,800000.0,0.0,0.0,0.0,1200000.0,0.0
Denzel Perryman,LAC,Unknown,LB,2300000.0,1300000.0,200000.0,0.0,0.0,100000.0,300000.0,0.0
Kayode Awosika,LAC,Unknown,OT,1886000.0,1215500.0,300000.0,0.0,0.0,0.0,0.0,0.0
Tre Harris,LAC,Unknown,WR,1776748.0,1195350.0,581398.0,0.0,0.0,0.0,1195350.0,0.0
Tony Jefferson,LAC,Unknown,S,1750000.0,1300000.0,100000.0,0.0,10000.0,0.0,1300000.0,0.0
Junior Colson,LAC,Unknown,LB,1643729.0,1342910.0,300819.0,0.0,0.0,0.0,0.0,0.0
Josh Harris,LAC,Unknown,RB,1487500.0,1627500.0,187500.0,0.0,0.0,0.0,1627500.0,0.0
Jake Slaughter,LAC,Unknown,C,1440984.0,885000.0,555984.0,0.0,0.0,0.0,885000.0,0.0
Jamaree Caldwell,LAC,Unknown,IDL,1434833.0,1126967.0,307866.0,0.0,0.0,0.0,0.0,0.0
Deane Leonard,LAC,Unknown,CB,1402500.0,1812500.0,0.0,0.0,0.0,0.0,1215000.0,0.0
Derius Davis,LAC,Unknown,WR,1322982.0,1145000.0,177982.0,0.0,0.0,0.0,0.0,0.0
Justin Eboigbe,LAC,Unknown,IDL,1284753.0,1075000.0,209753.0,0.0,0.0,0.0,0.0,0.0
Kyle Kennard,LAC,Unknown,EDGE,1237641.0,1005000.0,232641.0,0.0,0.0,0.0,0.0,0.0
Scott Matlock,LAC,Unknown,RB,1188073.0,1145000.0,43073.0,0.0,0.0,0.0,0.0,0.0
Travis Burke,LAC,Unknown,OT,1175968.0,885000.0,290968.0,0.0,0.0,0.0,0.0,0.0
Tarheeb Still,LAC,Unknown,CB,1168930.0,1075000.0,93930.0,0.0,0.0,0.0,0.0,0.0
Cam Hart,LAC,Unknown,CB,1165982.0,1075000.0,90982.0,0.0,0.0,0.0,0.0,0.0
Jaret Patterson,LAC,Unknown,RB,1145000.0,1145000.0,0.0,0.0,0.0,0.0,0.0,0.0
Genesis Smith,LAC,Unknown,S,1141922.0,885000.0,256922.0,0.0,0.0,0.0,0.0,0.0
KeAndre Lambert-Smith,LAC,Unknown,WR,1107001.0,1005000.0,102001.0,0.0,0.0,0.0,0.0,0.0
Oronde Gadsden II,LAC,Unknown,TE,1098509.0,1005000.0,93509.0,0.0,0.0,0.0,0.0,0.0
Kimani Vidal,LAC,Unknown,RB,1075000.0,1075000.0,0.0,0.0,0.0,0.0,0.0,0.0
Kendall Williamson,LAC,Unknown,S,1075000.0,1075000.0,0.0,0.0,0.0,0.0,0.0,0.0
Ben Cleveland,LAC,Unknown,OG,1075000.0,1215000.0,0.0,0.0,0.0,0.0,0.0,0.0
R.J. Mickens,LAC,Unknown,S,1048570.0,1005000.0,43570.0,0.0,0.0,0.0,0.0,0.0
Nick Barrett,LAC,Unknown,IDL,1020780.0,885000.0,135780.0,0.0,0.0,0.0,0.0,0.0
Nikko Reed,LAC,Unknown,CB,1010000.0,1005000.0,5000.0,0.0,0.0,0.0,0.0,0.0
Marlowe Wax,LAC,Unknown,LB,1006000.0,1005000.0,1000.0,0.0,0.0,0.0,0.0,0.0
Dalevon Campbell,LAC,Unknown,WR,1005000.0,1005000.0,0.0,0.0,0.0,0.0,0.0,0.0
Logan Taylor,LAC,Unknown,OG,952692.0,885000.0,67692.0,0.0,0.0,0.0,0.0,0.0
Alex Harkey,LAC,Unknown,OG,949902.0,885000.0,64902.0,0.0,0.0,0.0,0.0,0.0
Nadame Tucker,LAC,Unknown,LB,898333.0,885000.0,13333.0,0.0,0.0,0.0,247500.0,0.0
Eric Rogers,LAC,Unknown,CB,891666.0,885000.0,6666.0,0.0,0.0,0.0,0.0,0.0
Avery Smith,LAC,Unknown,CB,891666.0,885000.0,6666.0,0.0,0.0,0.0,247500.0,0.0
Isaiah World,LAC,Unknown,OT,891333.0,885000.0,6333.0,0.0,0.0,0.0,525000.0,0.0
Lander Barton,LAC,Unknown,LB,890666.0,885000.0,5666.0,0.0,0.0,0.0,247500.0,0.0
Evan Svoboda,LAC,Unknown,TE,889333.0,885000.0,4333.0,0.0,0.0,0.0,0.0,0.0
Jerand Bradley,LAC,Unknown,TE,889000.0,885000.0,4000.0,0.0,0.0,0.0,0.0,0.0
Terry Webb,LAC,Unknown,IDL,888333.0,885000.0,3333.0,0.0,0.0,0.0,0.0,0.0
Sincere Brown,LAC,Unknown,WR,888333.0,885000.0,3333.0,0.0,0.0,0.0,20000.0,0.0
Greg Desrosiers Jr.,LAC,Unknown,RB,888333.0,885000.0,3333.0,0.0,0.0,0.0,0.0,0.0
Devin Grant,LAC,Unknown,S,888333.0,885000.0,3333.0,0.0,0.0,0.0,0.0,0.0
Jahmeer Carter,LAC,Unknown,IDL,888333.0,885000.0,3333.0,0.0,0.0,0.0,0.0,0.0
Jacobian Guillory,LAC,Unknown,IDL,888333.0,885000.0,3333.0,0.0,0.0,0.0,0.0,0.0
Devonte Ross,LAC,Unknown,WR,888333.0,885000.0,3333.0,0.0,0.0,0.0,25000.0,0.0
Jacob Spomer,LAC,Unknown,C,888333.0,885000.0,3333.0,0.0,0.0,0.0,0.0,0.0
Noah Avinger,LAC,Unknown,S,887666.0,885000.0,2666.0,0.0,0.0,0.0,0.0,0.0
Rodney Shelley,LAC,Unknown,CB,886666.0,885000.0,1666.0,0.0,0.0,0.0,0.0,0.0
Garmon Randolph,LAC,Unknown,EDGE,885000.0,885000.0,0.0,0.0,0.0,0.0,0.0,0.0
Branson Taylor,LAC,Unknown,OT,885000.0,885000.0,0.0,0.0,0.0,0.0,0.0,0.0
Isas Waxter,LAC,Unknown,CB,885000.0,885000.0,0.0,0.0,0.0,0.0,0.0,0.0
DJ Uiagalelei,LAC,Unknown,QB,885000.0,885000.0,0.0,0.0,0.0,0.0,0.0,0.0
Josh Kaltenberger,LAC,Unknown,C,885000.0,885000.0,0.0,0.0,0.0,0.0,0.0,0.0
Myles Purchase,LAC,Unknown,CB,885000.0,885000.0,0.0,0.0,0.0,0.0,0.0,0.0
Laekin Vakalahi,LAC,Unknown,OT,885000.0,885000.0,0.0,0.0,0.0,0.0,0.0,0.0
Akheem Mesidor,LAC,Unknown,EDGE,885000.0,885000.0,0.0,0.0,0.0,0.0,0.0,0.0
TeRah Edwards,LAC,Unknown,IDL,885000.0,885000.0,0.0,0.0,0.0,0.0,0.0,0.0
Luke Grimm,LAC,Unknown,WR,885000.0,885000.0,0.0,0.0,0.0,0.0,0.0,0.0
JaQuae Jackson,LAC,Unknown,WR,885000.0,885000.0,0.0,0.0,0.0,0.0,0.0,0.0
Amar Johnson,LAC,Unknown,RB,885000.0,885000.0,0.0,0.0,0.0,0.0,0.0,0.0
Brenen Thompson,LAC,Unknown,WR,885000.0,885000.0,0.0,0.0,0.0,0.0,0.0,0.0
Mante Morrow,LAC,Unknown,WR,885000.0,885000.0,0.0,0.0,0.0,0.0,0.0,0.0
Johnny Pascuzzi,LAC,Unknown,TE,885000.0,885000.0,0.0,0.0,0.0,0.0,0.0,0.0
Emany Johnson,LAC,Unknown,S,885000.0,885000.0,0.0,0.0,0.0,0.0,0.0,0.0
Matt Stafford,LAR,Unknown,QB,48266668.0,16000000.0,22666668.0,9600000.0,0.0,0.0,16000000.0,0.0
Davante Adams,LAR,Unknown,WR,28000000.0,18000000.0,4000000.0,0.0,6000000.0,0.0,6000000.0,0.0
Alaric Jackson,LAR,Unknown,OT,25375000.0,18925000.0,5000000.0,0.0,0.0,0.0,18425000.0,0.0
Kevin Dotson,LAR,Unknown,OG,17416668.0,8000000.0,1416668.0,0.0,8000000.0,0.0,8000000.0,0.0
Kyren Williams,LAR,Unknown,RB,12932500.0,5500000.0,1287500.0,0.0,5500000.0,0.0,11645000.0,0.0
Quentin Lake,LAR,Unknown,S,11691176.0,5500000.0,250000.0,0.0,5500000.0,0.0,11750000.0,0.0
Poona Ford,LAR,Unknown,IDL,11433333.0,5000000.0,1833333.0,0.0,3850000.0,0.0,9100000.0,0.0
Trent McDuffie,LAR,Unknown,CB,10800000.0,4000000.0,2800000.0,0.0,4000000.0,0.0,8000000.0,0.0
Coleman Shelton,LAR,Unknown,OG,9500000.0,5000000.0,1500000.0,0.0,3000000.0,0.0,4000000.0,0.0
Colby Parkinson,LAR,Unknown,TE,9083334.0,5500000.0,2083334.0,0.0,1500000.0,0.0,0.0,0.0
Kamren Curl,LAR,Unknown,S,7416666.0,4600000.0,2166666.0,0.0,0.0,0.0,6750000.0,0.0
Nate Landman,LAR,Unknown,LB,7225000.0,2000000.0,125000.0,0.0,4450000.0,0.0,7100000.0,0.0
Jaylen Watson,LAR,Unknown,CB,6946666.0,2250000.0,4246666.0,0.0,0.0,0.0,2760000.0,0.0
Byron Young,LAR,Unknown,IDL,6027043.0,5767000.0,260043.0,0.0,0.0,0.0,0.0,0.0
Puka Nacua,LAR,Unknown,WR,5828245.0,5767000.0,61245.0,0.0,0.0,0.0,0.0,0.0
Tyler Higbee,LAR,Unknown,TE,5060112.0,2300000.0,2101289.0,0.0,600000.0,0.0,3000000.0,0.0
Steve Avila,LAR,Unknown,OG,4606310.0,3674000.0,932310.0,0.0,0.0,0.0,201173.0,0.0
Kobie Turner,LAR,Unknown,IDL,4154267.0,3924000.0,230267.0,0.0,0.0,0.0,0.0,0.0
Jared Verse,LAR,Unknown,EDGE,4127549.0,1075000.0,1956699.0,0.0,1095850.0,0.0,2170850.0,0.0
Emmanuel Forbes,LAR,Unknown,CB,2851032.0,1951032.0,0.0,0.0,900000.0,0.0,2851032.0,0.0
Braden Fiske,LAR,Unknown,IDL,2566397.0,1650466.0,915931.0,0.0,0.0,0.0,1650466.0,0.0
Terrance Ferguson,LAR,Unknown,TE,2207606.0,1281521.0,926085.0,0.0,0.0,0.0,1281521.0,0.0
Grant Stuard,LAR,Unknown,LB,1850000.0,1500000.0,150000.0,0.0,0.0,0.0,1500000.0,0.0
Joe Cardona,LAR,Unknown,LS,1650000.0,1300000.0,0.0,0.0,350000.0,0.0,1650000.0,0.0
Blake Corum,LAR,Unknown,RB,1571935.0,1318978.0,252957.0,0.0,0.0,0.0,0.0,0.0
Kamren Kinchens,LAR,Unknown,S,1526267.0,1303756.0,222511.0,0.0,0.0,0.0,0.0,0.0
David Quessenberry,LAR,Unknown,OT,1487500.0,1300000.0,187500.0,0.0,0.0,0.0,1075000.0,0.0
Josaiah Stewart,LAR,Unknown,EDGE,1426230.0,1125246.0,300984.0,0.0,0.0,0.0,0.0,0.0
Stetson Bennett,LAR,Unknown,QB,1319783.0,1145000.0,174783.0,0.0,0.0,0.0,0.0,0.0
Jarquez Hunter,LAR,Unknown,RB,1254695.0,1005000.0,249695.0,0.0,0.0,0.0,0.0,0.0
Keagen Trost,LAR,Unknown,OT,1235176.0,885000.0,350176.0,0.0,0.0,0.0,0.0,0.0
Warren McClendon,LAR,Unknown,OT,1206245.0,1145000.0,61245.0,0.0,0.0,0.0,0.0,0.0
Davis Allen,LAR,Unknown,TE,1206245.0,1145000.0,61245.0,0.0,0.0,0.0,0.0,0.0
Ethan Evans,LAR,Unknown,P,1172000.0,1145000.0,27000.0,0.0,0.0,0.0,0.0,0.0
Desjuan Johnson,LAR,Unknown,IDL,1164446.0,1145000.0,19446.0,0.0,0.0,0.0,0.0,0.0
Tyler Davis,LAR,Unknown,IDL,1120638.0,1075000.0,45638.0,0.0,0.0,0.0,0.0,0.0
Ty Hamilton,LAR,Unknown,IDL,1114647.0,1005000.0,109647.0,0.0,0.0,0.0,0.0,0.0
Jordan Whittington,LAR,Unknown,WR,1109597.0,1075000.0,34597.0,0.0,0.0,0.0,0.0,0.0
Beaux Limmer,LAR,Unknown,C,1109597.0,1075000.0,34597.0,0.0,0.0,0.0,0.0,0.0
Josh Wallace,LAR,Unknown,CB,1095000.0,1075000.0,20000.0,0.0,0.0,0.0,0.0,0.0
Jaylen McCollough,LAR,Unknown,S,1080000.0,1075000.0,5000.0,0.0,0.0,0.0,0.0,0.0
Omar Speights,LAR,Unknown,LB,1078000.0,1075000.0,3000.0,0.0,0.0,0.0,0.0,0.0
Keir Thomas,LAR,Unknown,EDGE,1075000.0,1075000.0,0.0,0.0,0.0,0.0,0.0,0.0
Xavier Smith,LAR,Unknown,WR,1075000.0,1075000.0,0.0,0.0,0.0,0.0,0.0,0.0
Ronnie Rivers,LAR,Unknown,RB,1075000.0,1215000.0,0.0,0.0,0.0,0.0,330300.0,0.0
Justin Dedich,LAR,Unknown,C,1075000.0,1075000.0,0.0,0.0,0.0,0.0,0.0,0.0
Larrell Murchison,LAR,Unknown,IDL,1075000.0,1215000.0,0.0,0.0,0.0,0.0,330300.0,0.0
Tyler Scott,LAR,Unknown,WR,1075000.0,1075000.0,0.0,0.0,0.0,0.0,0.0,0.0
Konata Mumpfield,LAR,Unknown,WR,1032134.0,1005000.0,27134.0,0.0,0.0,0.0,0.0,0.0
Shaun Dolac,LAR,Unknown,LB,1013333.0,1005000.0,8333.0,0.0,0.0,0.0,0.0,0.0
Harrison Mevis,LAR,Unknown,K,1005000.0,1005000.0,0.0,0.0,0.0,0.0,0.0,0.0
Eli Neal,LAR,Unknown,LB,1005000.0,1005000.0,0.0,0.0,0.0,0.0,0.0,0.0
Dylan McMahon,LAR,Unknown,C,1005000.0,1005000.0,0.0,0.0,0.0,0.0,0.0,0.0
Cam Lampkin,LAR,Unknown,CB,1005000.0,1005000.0,0.0,0.0,0.0,0.0,0.0,0.0
Tanner Ingle,LAR,Unknown,S,1005000.0,1005000.0,0.0,0.0,0.0,0.0,0.0,0.0
A.J. Arcuri,LAR,Unknown,OT,1005000.0,1005000.0,0.0,0.0,0.0,0.0,0.0,0.0
C.J. Daniels,LAR,Unknown,WR,953811.0,885000.0,68811.0,0.0,0.0,0.0,0.0,0.0
Dan Villari,LAR,Unknown,TE,900000.0,885000.0,15000.0,0.0,0.0,0.0,0.0,0.0
Wesley Bailey,LAR,Unknown,EDGE,896666.0,885000.0,11666.0,0.0,0.0,0.0,0.0,0.0
Dean Connors,LAR,Unknown,RB,891666.0,885000.0,6666.0,0.0,0.0,0.0,0.0,0.0
Nick Andersen,LAR,Unknown,S,891666.0,885000.0,6666.0,0.0,0.0,0.0,0.0,0.0
Chad Lindberg,LAR,Unknown,OG,890000.0,885000.0,5000.0,0.0,0.0,0.0,0.0,0.0
Austin Blaske,LAR,Unknown,C,890000.0,885000.0,5000.0,0.0,0.0,0.0,0.0,0.0
Dreyden Norwood,LAR,Unknown,CB,890000.0,885000.0,5000.0,0.0,0.0,0.0,0.0,0.0
Nyzier Fourqurean,LAR,Unknown,CB,888333.0,885000.0,3333.0,0.0,0.0,0.0,0.0,0.0
Darryl Peterson,LAR,Unknown,LB,888333.0,885000.0,3333.0,0.0,0.0,0.0,0.0,0.0
Rohan Jones,LAR,Unknown,TE,888333.0,885000.0,3333.0,0.0,0.0,0.0,0.0,0.0
Payton Zdroik,LAR,Unknown,IDL,888000.0,885000.0,3000.0,0.0,0.0,0.0,0.0,0.0
Matthew Caldwell,LAR,Unknown,QB,887000.0,885000.0,2000.0,0.0,0.0,0.0,0.0,0.0
Jaxson Moi,LAR,Unknown,IDL,886833.0,885000.0,1833.0,0.0,0.0,0.0,0.0,0.0
Al'Zillion Hamilton,LAR,Unknown,CB,886666.0,885000.0,1666.0,0.0,0.0,0.0,0.0,0.0
Nikhai Hill-Green,LAR,Unknown,CB,886666.0,885000.0,1666.0,0.0,0.0,0.0,0.0,0.0
Jalen Logan-Redding,LAR,Unknown,IDL,886166.0,885000.0,1166.0,0.0,0.0,0.0,0.0,0.0
Alex Johnson,LAR,Unknown,CB,885000.0,885000.0,0.0,0.0,0.0,0.0,0.0,0.0
Ty Simpson,LAR,Unknown,QB,885000.0,885000.0,0.0,0.0,0.0,0.0,0.0,0.0
Bill Norton,LAR,Unknown,IDL,885000.0,885000.0,0.0,0.0,0.0,0.0,0.0,0.0
Brennan Presley,LAR,Unknown,WR,885000.0,885000.0,0.0,0.0,0.0,0.0,0.0,0.0
Tru Edwards,LAR,Unknown,WR,885000.0,885000.0,0.0,0.0,0.0,0.0,0.0,0.0
Mark Redman,LAR,Unknown,TE,885000.0,885000.0,0.0,0.0,0.0,0.0,0.0,0.0
Bryce Henderson,LAR,Unknown,OT,885000.0,885000.0,0.0,0.0,0.0,0.0,0.0,0.0
Wyatt Bowles,LAR,Unknown,OG,885000.0,885000.0,0.0,0.0,0.0,0.0,0.0,0.0
Tim Keenan III,LAR,Unknown,IDL,885000.0,885000.0,0.0,0.0,0.0,0.0,0.0,0.0
Mario Williams,LAR,Unknown,WR,885000.0,885000.0,0.0,0.0,0.0,0.0,0.0,0.0
Nate Valcarcel,LAR,Unknown,S,885000.0,885000.0,0.0,0.0,0.0,0.0,0.0,0.0
Max Klare,LAR,Unknown,TE,885000.0,885000.0,0.0,0.0,0.0,0.0,0.0,0.0
Eddie Walls III,LAR,Unknown,EDGE,885000.0,885000.0,0.0,0.0,0.0,0.0,0.0,0.0
Jordan Waters,LAR,Unknown,RB,885000.0,885000.0,0.0,0.0,0.0,0.0,0.0,0.0
Bradley Chubb,MIA,Unknown,EDGE,20230000.0,19450000.0,10972742.0,0.0,0.0,100000.0,0.0,0.0
Zach Sieler,MIA,Unknown,IDL,11419000.0,1300000.0,6602000.0,2982000.0,0.0,25000.0,16745000.0,0.0
Jordyn Brooks,MIA,Unknown,LB,10862166.0,7815000.0,2487166.0,0.0,0.0,50000.0,0.0,0.0
Austin Jackson,MIA,Unknown,OT,6895524.0,1215000.0,5126113.0,0.0,0.0,25000.0,1215000.0,0.0
Malik Willis,MIA,Unknown,QB,5672000.0,1215000.0,4457000.0,0.0,0.0,0.0,1215000.0,0.0
Kenneth Grant,MIA,Unknown,IDL,4990071.0,1005000.0,3152057.0,0.0,833014.0,0.0,1838014.0,0.0
Aaron Brewer,MIA,Unknown,LB,4947000.0,1215000.0,3227000.0,0.0,0.0,25000.0,0.0,0.0
Chop Robinson,MIA,Unknown,EDGE,4084426.0,1075000.0,1927950.0,0.0,1081476.0,0.0,2156476.0,0.0
Tyrel Dodson,MIA,Unknown,LB,3682500.0,2355000.0,717500.0,0.0,0.0,50000.0,0.0,0.0
Devon Achane,MIA,Unknown,RB,3154627.0,1145000.0,2009627.0,0.0,0.0,0.0,1145000.0,0.0
Jonah Savaiinaea,MIA,Unknown,OT,2573289.0,1354658.0,1218631.0,0.0,0.0,0.0,1354658.0,0.0
Patrick Paul,MIA,Unknown,OT,1885008.0,1423336.0,461672.0,0.0,0.0,0.0,412768.0,0.0
Julius Brents,MIA,Unknown,CB,1867764.0,1867764.0,0.0,0.0,0.0,0.0,0.0,0.0
Greg Dulcich,MIA,Unknown,TE,1698000.0,1145000.0,353000.0,0.0,0.0,0.0,1145000.0,0.0
Cameron Goode,MIA,Unknown,LB,1340000.0,1145000.0,50000.0,0.0,0.0,0.0,0.0,0.0
Ben Sims,MIA,Unknown,TE,1332500.0,1145000.0,187500.0,0.0,0.0,0.0,0.0,0.0
Jaylen Wright,MIA,Unknown,RB,1265005.0,1075000.0,190005.0,0.0,0.0,0.0,0.0,0.0
Darrell Baker Jr.,MIA,Unknown,CB,1262500.0,1215000.0,187500.0,0.0,0.0,0.0,1075000.0,0.0
Riley Patterson,MIA,Unknown,K,1262500.0,1215000.0,0.0,0.0,0.0,0.0,0.0,0.0
Zayne Anderson,MIA,Unknown,S,1262500.0,1215000.0,187500.0,0.0,0.0,0.0,565000.0,0.0
Jalen Tolbert,MIA,Unknown,WR,1262500.0,1215000.0,187500.0,0.0,0.0,0.0,1075000.0,0.0
David Ojabo,MIA,Unknown,EDGE,1262500.0,1215000.0,0.0,0.0,187500.0,0.0,0.0,0.0
Jamaree Salyer,MIA,Unknown,OG,1262500.0,1215000.0,187500.0,0.0,0.0,0.0,0.0,0.0
Bradley Pinion,MIA,Unknown,P,1262500.0,1300000.0,187500.0,0.0,0.0,0.0,1075000.0,0.0
Lonnie Johnson Jr.,MIA,Unknown,S,1262500.0,1300000.0,187500.0,0.0,0.0,0.0,0.0,0.0
Zane Gonzalez,MIA,Unknown,K,1262500.0,1300000.0,100000.0,0.0,87500.0,0.0,0.0,0.0
Charlie Heck,MIA,Unknown,OT,1262500.0,1215000.0,187500.0,0.0,0.0,0.0,0.0,0.0
Tutu Atwell,MIA,Unknown,WR,1262500.0,1215000.0,187500.0,0.0,0.0,0.0,1075000.0,0.0
Joshua Uche,MIA,Unknown,EDGE,1262500.0,1215000.0,187500.0,0.0,0.0,0.0,1075000.0,0.0
"Willie Gay, Jr.",MIA,Unknown,LB,1262500.0,1215000.0,187500.0,0.0,0.0,0.0,500000.0,0.0
Alex Austin,MIA,Unknown,CB,1220000.0,1145000.0,0.0,0.0,75000.0,0.0,0.0,0.0
Robert Beal Jr.,MIA,Unknown,EDGE,1195000.0,1145000.0,50000.0,0.0,0.0,0.0,0.0,0.0
Marco Wilson,MIA,Unknown,CB,1175000.0,1215000.0,0.0,0.0,100000.0,0.0,0.0,0.0
Ronnie Harrison,MIA,Unknown,S,1175000.0,1300000.0,0.0,0.0,100000.0,0.0,0.0,0.0
Matthew Butler,MIA,Unknown,IDL,1145000.0,1145000.0,0.0,0.0,0.0,0.0,0.0,0.0
Ethan Bonner,MIA,Unknown,CB,1145000.0,1145000.0,0.0,0.0,0.0,0.0,0.0,0.0
Kion Smith,MIA,Unknown,OT,1145000.0,1145000.0,0.0,0.0,0.0,0.0,0.0,0.0
Tucker Addington,MIA,Unknown,LS,1145000.0,1145000.0,0.0,0.0,0.0,0.0,0.0,0.0
Malik Washington,MIA,Unknown,WR,1124890.0,1075000.0,49890.0,0.0,0.0,0.0,0.0,0.0
Jordan Phillips,MIA,Unknown,IDL,1119576.0,1005000.0,114576.0,0.0,0.0,0.0,0.0,0.0
Jason Marshall Jr.,MIA,Unknown,CB,1111323.0,1005000.0,106323.0,0.0,0.0,0.0,0.0,0.0
Dante Trader Jr.,MIA,Unknown,S,1108696.0,1005000.0,103696.0,0.0,0.0,0.0,0.0,0.0
Tahj Washington,MIA,Unknown,WR,1097599.0,1075000.0,22599.0,0.0,0.0,0.0,0.0,0.0
Storm Duck,MIA,Unknown,CB,1081668.0,1075000.0,6668.0,0.0,0.0,0.0,0.0,0.0
A.J. Green,MIA,Unknown,CB,1075000.0,1215000.0,0.0,0.0,0.0,0.0,0.0,0.0
Cole Turner,MIA,Unknown,TE,1075000.0,1075000.0,0.0,0.0,0.0,0.0,0.0,0.0
Carter Warren,MIA,Unknown,OT,1075000.0,1075000.0,0.0,0.0,0.0,0.0,0.0,0.0
Terrace Marshall Jr.,MIA,Unknown,WR,1075000.0,1215000.0,0.0,0.0,0.0,0.0,0.0,0.0
Ollie Gordon II,MIA,Unknown,RB,1073166.0,1005000.0,68166.0,0.0,0.0,0.0,0.0,0.0
Quinn Ewers,MIA,Unknown,QB,1037894.0,1005000.0,32894.0,0.0,0.0,0.0,0.0,0.0
Zeek Biggers,MIA,Unknown,IDL,1030418.0,1005000.0,25418.0,0.0,0.0,0.0,0.0,0.0
Andrew Meyer,MIA,Unknown,C,1010000.0,1005000.0,5000.0,0.0,0.0,0.0,0.0,0.0
Jordan Colbert,MIA,Unknown,S,1005000.0,1005000.0,0.0,0.0,0.0,0.0,0.0,0.0
Ethan Robinson,MIA,Unknown,CB,1005000.0,1005000.0,0.0,0.0,0.0,0.0,0.0,0.0
Jackson Woodard,MIA,Unknown,LB,1005000.0,1005000.0,0.0,0.0,0.0,0.0,0.0,0.0
Theo Wease Jr.,MIA,Unknown,WR,1005000.0,1005000.0,0.0,0.0,0.0,0.0,0.0,0.0
Omar Brown,MIA,Unknown,S,1005000.0,1005000.0,0.0,0.0,0.0,0.0,0.0,0.0
Miles Battle,MIA,Unknown,CB,1005000.0,1005000.0,0.0,0.0,0.0,0.0,0.0,0.0
Carlos Washington Jr.,MIA,Unknown,RB,1005000.0,1005000.0,0.0,0.0,0.0,0.0,0.0,0.0
Rene Konga,MIA,Unknown,IDL,895000.0,885000.0,10000.0,0.0,0.0,0.0,247500.0,0.0
Mason Reiger,MIA,Unknown,LB,893333.0,885000.0,8333.0,0.0,0.0,0.0,150000.0,0.0
Donaven McCulley,MIA,Unknown,WR,888333.0,885000.0,3333.0,0.0,0.0,0.0,50000.0,0.0
Rodney McGraw,MIA,Unknown,EDGE,888333.0,885000.0,3333.0,0.0,0.0,0.0,0.0,0.0
Jim Bonifas,MIA,Unknown,C,888333.0,885000.0,3333.0,0.0,0.0,0.0,25000.0,0.0
Mark Gronowski,MIA,Unknown,QB,886666.0,885000.0,1666.0,0.0,0.0,0.0,10000.0,0.0
Kahlil Saunders,MIA,Unknown,IDL,886666.0,885000.0,1666.0,0.0,0.0,0.0,0.0,0.0
Louis Moore,MIA,Unknown,S,886666.0,885000.0,1666.0,0.0,0.0,0.0,0.0,0.0
Anthony Hankerson,MIA,Unknown,RB,886666.0,885000.0,1666.0,0.0,0.0,0.0,0.0,0.0
Kevin Cline,MIA,Unknown,OT,885666.0,885000.0,666.0,0.0,0.0,0.0,0.0,0.0
Donovan Edwards,MIA,Unknown,RB,885000.0,885000.0,0.0,0.0,0.0,0.0,0.0,0.0
James Ester,MIA,Unknown,IDL,885000.0,885000.0,0.0,0.0,0.0,0.0,0.0,0.0
Keith Cooper,MIA,Unknown,IDL,885000.0,885000.0,0.0,0.0,0.0,0.0,0.0,0.0
Seth Coleman,MIA,Unknown,EDGE,885000.0,885000.0,0.0,0.0,0.0,0.0,0.0,0.0
Cam Miller,MIA,Unknown,QB,885000.0,885000.0,0.0,0.0,0.0,0.0,0.0,0.0
A.J. Henning,MIA,Unknown,WR,885000.0,885000.0,0.0,0.0,0.0,0.0,0.0,0.0
Alex Huntley,MIA,Unknown,IDL,885000.0,885000.0,0.0,0.0,0.0,0.0,0.0,0.0
Josh Priebe,MIA,Unknown,OG,885000.0,885000.0,0.0,0.0,0.0,0.0,0.0,0.0
Marques Cox,MIA,Unknown,OT,885000.0,885000.0,0.0,0.0,0.0,0.0,0.0,0.0
D.J. Herman,MIA,Unknown,FB,885000.0,885000.0,0.0,0.0,0.0,0.0,0.0,0.0
Max Llewellyn,MIA,Unknown,EDGE,885000.0,885000.0,0.0,0.0,0.0,0.0,0.0,0.0
Kadyn Proctor,MIA,Unknown,OT,885000.0,885000.0,0.0,0.0,0.0,0.0,0.0,0.0
Chris Johnson,MIA,Unknown,CB,885000.0,885000.0,0.0,0.0,0.0,0.0,0.0,0.0
Jacob Rodriguez,MIA,Unknown,LB,885000.0,885000.0,0.0,0.0,0.0,0.0,0.0,0.0
Caleb Douglas,MIA,Unknown,WR,885000.0,885000.0,0.0,0.0,0.0,0.0,0.0,0.0
Will Kacmarek,MIA,Unknown,TE,885000.0,885000.0,0.0,0.0,0.0,0.0,0.0,0.0
Chris Bell,MIA,Unknown,WR,885000.0,885000.0,0.0,0.0,0.0,0.0,0.0,0.0
Trey Moore,MIA,Unknown,EDGE,885000.0,885000.0,0.0,0.0,0.0,0.0,0.0,0.0
Kyle Louis,MIA,Unknown,LB,885000.0,885000.0,0.0,0.0,0.0,0.0,0.0,0.0
Michael Taaffe,MIA,Unknown,S,885000.0,885000.0,0.0,0.0,0.0,0.0,0.0,0.0
Kevin Coleman Jr.,MIA,Unknown,WR,885000.0,885000.0,0.0,0.0,0.0,0.0,0.0,0.0
Seydou Traore,MIA,Unknown,TE,885000.0,885000.0,0.0,0.0,0.0,0.0,0.0,0.0
D.J. Campbell,MIA,Unknown,S,885000.0,885000.0,0.0,0.0,0.0,0.0,0.0,0.0
Tua Tagovailoa,MIA,Unknown,QB,867647.0,39000000.0,8400000.0,8000000.0,0.0,250000.0,39000000.0,0.0
Brian O'Neill,MIN,Unknown,OT,23115657.0,18900000.0,3703892.0,0.0,0.0,100000.0,0.0,0.0
Justin Jefferson,MIN,Unknown,LB,21218850.0,1215000.0,13493850.0,6000000.0,0.0,0.0,1975000.0,0.0
Andrew Van Ginkel,MIN,Unknown,EDGE,19250000.0,15390000.0,3400000.0,0.0,0.0,100000.0,5000000.0,0.0
Will Fries,MIN,Unknown,OG,17220000.0,12610000.0,4000000.0,0.0,0.0,100000.0,12610000.0,0.0
T.J. Hockenson,MIN,Unknown,TE,15605000.0,7000000.0,5355000.0,0.0,3150000.0,100000.0,10150000.0,0.0
Christian Darrisaw,MIN,Unknown,OT,13279085.0,1215000.0,6731732.0,4450000.0,0.0,0.0,2965000.0,0.0
Jonathan Allen,MIN,Unknown,IDL,11200000.0,16750000.0,4666666.0,0.0,0.0,100000.0,8000000.0,0.0
Aaron Jones,MIN,Unknown,RB,10210000.0,5000000.0,4800000.0,0.0,0.0,50000.0,5000000.0,0.0
Josh Oliver,MIN,Unknown,TE,9934000.0,6695000.0,2964000.0,0.0,0.0,50000.0,6695000.0,0.0
Jauan Jennings,MIN,Unknown,WR,9530000.0,1630000.0,4500000.0,0.0,0.0,0.0,1630000.0,0.0
Blake Cashman,MIN,Unknown,LB,9182353.0,6900000.0,1550000.0,0.0,0.0,100000.0,0.0,0.0
Isaiah Rodgers,MIN,Unknown,CB,8912500.0,4440000.0,2412500.0,0.0,0.0,50000.0,2000000.0,0.0
Byron Murphy,MIN,Unknown,IDL,8322000.0,1300000.0,6412000.0,0.0,0.0,100000.0,1300000.0,0.0
J.J. McCarthy,MIN,Unknown,QB,5960399.0,1075000.0,3178599.0,0.0,1706800.0,0.0,2781800.0,0.0
Josh Metellus,MIN,Unknown,S,5955000.0,3435000.0,2000000.0,0.0,0.0,100000.0,3435000.0,0.0
Jordan Mason,MIN,Unknown,RB,5790000.0,4730000.0,800000.0,0.0,0.0,100000.0,2000000.0,0.0
Blake Brandel,MIN,Unknown,OT,4466668.0,3350000.0,666668.0,0.0,0.0,50000.0,0.0,0.0
Dallas Turner,MIN,Unknown,EDGE,4300053.0,1075000.0,2071702.0,0.0,1153351.0,0.0,2228351.0,0.0
Jordan Addison,MIN,Unknown,WR,4296411.0,2622510.0,1673901.0,0.0,0.0,0.0,2622510.0,0.0
Ryan Van Demark,MIN,Unknown,OT,4270000.0,1645000.0,2500000.0,0.0,0.0,125000.0,1645000.0,0.0
Eric Wilson,MIN,Unknown,LB,4083333.0,1390000.0,2083333.0,0.0,0.0,100000.0,1390000.0,0.0
Donovan Jackson,MIN,Unknown,OT,3903876.0,1005000.0,2283101.0,0.0,615775.0,0.0,1620775.0,0.0
Caleb Banks,MIN,Unknown,IDL,3869523.0,885000.0,2984523.0,0.0,0.0,0.0,885000.0,0.0
Ivan Pace Jr.,MIN,Unknown,LB,3520000.0,3520000.0,0.0,0.0,0.0,0.0,0.0,0.0
Carson Wentz,MIN,Unknown,QB,3050000.0,1545000.0,1100000.0,0.0,0.0,100000.0,1545000.0,0.0
James Pierre,MIN,Unknown,CB,2985000.0,1215000.0,1250000.0,0.0,0.0,100000.0,1215000.0,0.0
Theo Jackson,MIN,Unknown,S,2670000.0,1280000.0,1000000.0,0.0,0.0,50000.0,1280000.0,0.0
Tavierre Thomas,MIN,Unknown,CB,1925000.0,1300000.0,325000.0,0.0,0.0,45000.0,1300000.0,0.0
Jake Golday,MIN,Unknown,LB,1745624.0,885000.0,860624.0,0.0,0.0,0.0,885000.0,0.0
Andrew DePaola,MIN,Unknown,LS,1487500.0,1537500.0,187500.0,0.0,0.0,0.0,1537500.0,0.0
Tai Felton,MIN,Unknown,WR,1400269.0,1120054.0,280215.0,0.0,0.0,0.0,0.0,0.0
Jay Ward,MIN,Unknown,S,1308386.0,1145000.0,163386.0,0.0,0.0,0.0,0.0,0.0
Kyler Murray,MIN,Unknown,QB,1300000.0,1300000.0,0.0,0.0,0.0,0.0,0.0,0.0
Harrison Smith,MIN,Unknown,S,1300000.0,0.0,3000000.0,0.0,0.0,0.0,0.0,0.0
Domonique Orange,MIN,Unknown,IDL,1269606.0,885000.0,384606.0,0.0,0.0,0.0,0.0,0.0
Johnny Hekker,MIN,Unknown,P,1262500.0,1300000.0,187500.0,0.0,0.0,0.0,1075000.0,0.0
Eric Johnson,MIN,Unknown,IDL,1262500.0,1215000.0,93750.0,0.0,97350.0,0.0,0.0,0.0
Jakobe Thomas,MIN,Unknown,S,1217073.0,885000.0,332073.0,0.0,0.0,0.0,0.0,0.0
Caleb Tiernan,MIN,Unknown,OT,1217073.0,885000.0,332073.0,0.0,0.0,0.0,0.0,0.0
Kahlef Hailassie,MIN,Unknown,CB,1145000.0,1145000.0,0.0,0.0,0.0,0.0,0.0,0.0
Walter Rouse,MIN,Unknown,OT,1131648.0,1075000.0,56648.0,0.0,0.0,0.0,0.0,0.0
Tyrion Ingram-Dawkins,MIN,Unknown,IDL,1124344.0,1005000.0,119344.0,0.0,0.0,0.0,0.0,0.0
Will Reichard,MIN,Unknown,K,1117655.0,1075000.0,42655.0,0.0,0.0,0.0,0.0,0.0
Michael Jurgens,MIN,Unknown,C,1102185.0,1075000.0,27185.0,0.0,0.0,0.0,0.0,0.0
Levi Drake Rodriguez,MIN,Unknown,IDL,1101497.0,1075000.0,26497.0,0.0,0.0,0.0,0.0,0.0
Dwight McGlothern,MIN,Unknown,CB,1075000.0,1075000.0,0.0,0.0,0.0,0.0,0.0,0.0
Josh Ross,MIN,Unknown,LB,1075000.0,1075000.0,0.0,0.0,0.0,0.0,0.0,0.0
Jalen Redmond,MIN,Unknown,IDL,1075000.0,1075000.0,0.0,0.0,0.0,0.0,0.0,0.0
Bo Richter,MIN,Unknown,EDGE,1075000.0,1075000.0,0.0,0.0,0.0,0.0,0.0,0.0
Isaiahh Loudermilk,MIN,Unknown,IDL,1075000.0,1215000.0,0.0,0.0,0.0,0.0,0.0,0.0
Gavin Bartholomew,MIN,Unknown,TE,1058956.0,1005000.0,53956.0,0.0,0.0,0.0,0.0,0.0
Tyler Batty,MIN,Unknown,LB,1013333.0,1005000.0,8333.0,0.0,0.0,0.0,0.0,0.0
Ben Yurosek,MIN,Unknown,TE,1011666.0,1005000.0,6666.0,0.0,0.0,0.0,0.0,0.0
Chaz Chambliss,MIN,Unknown,LB,1011666.0,1005000.0,6666.0,0.0,0.0,0.0,0.0,0.0
Joe Huber,MIN,Unknown,OG,1008333.0,1005000.0,3333.0,0.0,0.0,0.0,0.0,0.0
Max Brosmer,MIN,Unknown,QB,1008333.0,1005000.0,3333.0,0.0,0.0,0.0,0.0,0.0
Max Bredeson,MIN,Unknown,TE,1007886.0,885000.0,122886.0,0.0,0.0,0.0,0.0,0.0
Myles Price,MIN,Unknown,WR,1005000.0,1005000.0,0.0,0.0,0.0,0.0,0.0,0.0
Henry Byrd,MIN,Unknown,OG,1005000.0,1005000.0,0.0,0.0,0.0,0.0,0.0,0.0
Elijah Williams,MIN,Unknown,EDGE,1005000.0,1005000.0,0.0,0.0,0.0,0.0,0.0,0.0
Taki Taimani,MIN,Unknown,IDL,1005000.0,1005000.0,0.0,0.0,0.0,0.0,0.0,0.0
Zavier Scott,MIN,Unknown,RB,1005000.0,1005000.0,0.0,0.0,0.0,0.0,0.0,0.0
Charles Demmings,MIN,Unknown,CB,1004716.0,885000.0,119716.0,0.0,0.0,0.0,0.0,0.0
Demond Claiborne,MIN,Unknown,RB,953395.0,885000.0,68395.0,0.0,0.0,0.0,0.0,0.0
Gavin Gerhardt,MIN,Unknown,C,921719.0,885000.0,36719.0,0.0,0.0,0.0,0.0,0.0
Dillon Bell,MIN,Unknown,WR,893333.0,885000.0,8333.0,0.0,0.0,0.0,247500.0,0.0
Brett Thorson,MIN,Unknown,P,890000.0,885000.0,5000.0,0.0,0.0,0.0,75000.0,0.0
Tristan Leigh,MIN,Unknown,OT,890000.0,885000.0,5000.0,0.0,0.0,0.0,247500.0,0.0
Marcus Allen,MIN,Unknown,LB,890000.0,885000.0,5000.0,0.0,0.0,0.0,50000.0,0.0
Monkell Goodwine,MIN,Unknown,IDL,888333.0,885000.0,3333.0,0.0,0.0,0.0,247500.0,0.0
Keli Lawson,MIN,Unknown,LB,888333.0,885000.0,3333.0,0.0,0.0,0.0,40000.0,0.0
Luke Wysong,MIN,Unknown,WR,888333.0,885000.0,3333.0,0.0,0.0,0.0,50000.0,0.0
Jacob Thomas,MIN,Unknown,S,888333.0,885000.0,3333.0,0.0,0.0,0.0,150000.0,0.0
Delby Lemieux,MIN,Unknown,C,887500.0,885000.0,2500.0,0.0,0.0,0.0,75000.0,0.0
Tyreek Chappell,MIN,Unknown,CB,887166.0,885000.0,2166.0,0.0,0.0,0.0,50000.0,0.0
Tomas Rimac,MIN,Unknown,OG,886666.0,885000.0,1666.0,0.0,0.0,0.0,50000.0,0.0
Da'Veawn Armstead,MIN,Unknown,CB,886166.0,885000.0,1166.0,0.0,0.0,0.0,0.0,0.0
Arden Walker,MIN,Unknown,EDGE,885666.0,885000.0,666.0,0.0,0.0,0.0,0.0,0.0
Cam'Ron Stewart,MIN,Unknown,EDGE,885333.0,885000.0,333.0,0.0,0.0,0.0,0.0,0.0
Jeshaun Jones,MIN,Unknown,WR,885000.0,885000.0,0.0,0.0,0.0,0.0,0.0,0.0
Joaquin Davis,MIN,Unknown,WR,885000.0,885000.0,0.0,0.0,0.0,0.0,0.0,0.0
Caleb Etienne,MIN,Unknown,OT,885000.0,885000.0,0.0,0.0,0.0,0.0,0.0,0.0
Bryson Nesbit,MIN,Unknown,TE,885000.0,885000.0,0.0,0.0,0.0,0.0,0.0,0.0
Vershon Lee,MIN,Unknown,OG,885000.0,885000.0,0.0,0.0,0.0,0.0,0.0,0.0
Terrill Davis,MIN,Unknown,WR,885000.0,885000.0,0.0,0.0,0.0,0.0,0.0,0.0
Zemaiah Vaughn,MIN,Unknown,CB,885000.0,885000.0,0.0,0.0,0.0,0.0,0.0,0.0
Jacob Roberts,MIN,Unknown,LB,885000.0,885000.0,0.0,0.0,0.0,0.0,0.0,0.0
Bangally Kamara,MIN,Unknown,LB,885000.0,885000.0,0.0,0.0,0.0,0.0,0.0,0.0
Kejon Owens,MIN,Unknown,RB,885000.0,885000.0,0.0,0.0,0.0,0.0,0.0,0.0
Marcus Sanders Jr.,MIN,Unknown,WR,885000.0,885000.0,0.0,0.0,0.0,0.0,25000.0,0.0
Smith Vilbert,MIN,Unknown,IDL,885000.0,885000.0,0.0,0.0,0.0,0.0,0.0,0.0
Dontae Fleming,MIN,Unknown,WR,885000.0,885000.0,0.0,0.0,0.0,0.0,0.0,0.0
Milton Williams,NE,Unknown,IDL,28500000.0,21000000.0,6000000.0,0.0,0.0,300000.0,21000000.0,0.0
Carlton Davis,NE,Unknown,CB,22000000.0,13000000.0,5500000.0,0.0,0.0,225000.0,13000000.0,0.0
Michael Onwenu,NE,Unknown,OG,17500000.0,2950000.0,13500000.0,0.0,0.0,200000.0,2950000.0,0.0
Christian Barmore,NE,Unknown,IDL,17100000.0,12000000.0,3600000.0,0.0,0.0,225000.0,12000000.0,0.0
Harold Landry,NE,Unknown,EDGE,16350000.0,11000000.0,4000000.0,0.0,0.0,225000.0,11000000.0,0.0
Robert Spillane,NE,Unknown,LB,12320000.0,8300000.0,3000000.0,0.0,0.0,180000.0,8300000.0,0.0
Hunter Henry,NE,Unknown,TE,11750000.0,7150000.0,2500000.0,0.0,0.0,350000.0,0.0,0.0
Morgan Moses,NE,Unknown,OT,10400000.0,6500000.0,1400000.0,0.0,0.0,150000.0,4500000.0,0.0
Drake Maye,NE,Unknown,QB,9992663.0,1075000.0,5866775.0,0.0,3050888.0,0.0,4125888.0,0.0
Will Campbell,NE,Unknown,OT,9923204.0,1005000.0,7098563.0,0.0,1819641.0,0.0,2824641.0,0.0
Kevin Byard,NE,Unknown,S,9000000.0,2670000.0,3500000.0,0.0,0.0,150000.0,2670000.0,0.0
Romeo Doubs,NE,Unknown,WR,8600000.0,3000000.0,3900000.0,0.0,0.0,300000.0,4700000.0,0.0
Christian Elliss,NE,Unknown,LB,8555000.0,6750000.0,1250000.0,0.0,0.0,0.0,2250000.0,0.0
Dre'Mont Jones,NE,Unknown,EDGE,7546666.0,2300000.0,3726666.0,0.0,0.0,180000.0,2300000.0,0.0
Rhamondre Stevenson,NE,Unknown,RB,7423529.0,4750000.0,1600000.0,0.0,0.0,250000.0,3250000.0,0.0
Marcus Jones,NE,Unknown,CB,6702500.0,2750000.0,2557500.0,0.0,0.0,230000.0,3770000.0,0.0
Mack Hollins,NE,Unknown,WR,5550000.0,2900000.0,1150000.0,0.0,0.0,150000.0,0.0,0.0
Christian Gonzalez,NE,Unknown,CB,4805458.0,2259482.0,1995976.0,0.0,550000.0,0.0,2809482.0,0.0
Alijah Vera-Tucker,NE,Unknown,OG,4783333.0,2300000.0,2483333.0,0.0,0.0,250000.0,6550000.0,0.0
Kayshon Boutte,NE,Unknown,WR,3720816.0,3674000.0,46816.0,0.0,0.0,0.0,0.0,0.0
Demario Douglas,NE,Unknown,WR,3707333.0,3674000.0,33333.0,0.0,0.0,0.0,0.0,0.0
Julian Hill,NE,Unknown,TE,3565000.0,1400000.0,1400000.0,0.0,0.0,135000.0,1400000.0,0.0
Brenden Schooler,NE,Unknown,S,2998529.0,2000000.0,475000.0,0.0,0.0,100000.0,500000.0,0.0
Reggie Gilliam,NE,Unknown,RB,2800000.0,1300000.0,800000.0,0.0,0.0,105000.0,1300000.0,0.0
TreVeyon Henderson,NE,Unknown,RB,2532559.0,1346512.0,1186047.0,0.0,0.0,0.0,1346512.0,0.0
Ben Brown,NE,Unknown,C,1966666.0,1200000.0,366666.0,0.0,0.0,60000.0,1200000.0,0.0
Caedan Wallace,NE,Unknown,OT,1648174.0,1344392.0,303782.0,0.0,0.0,0.0,0.0,0.0
Tommy DeVito,NE,Unknown,QB,1550000.0,1150000.0,325000.0,0.0,0.0,75000.0,1150000.0,0.0
Kyle Williams,NE,Unknown,WR,1523539.0,1144708.0,378831.0,0.0,0.0,0.0,0.0,0.0
Jared Wilson,NE,Unknown,C,1410780.0,1122156.0,288624.0,0.0,0.0,0.0,0.0,0.0
Craig Woodson,NE,Unknown,S,1271614.0,1005000.0,266614.0,0.0,0.0,0.0,0.0,0.0
Kindle Vildor,NE,Unknown,CB,1262500.0,1215000.0,137500.0,0.0,0.0,50000.0,300000.0,0.0
James Hudson,NE,Unknown,OT,1262500.0,1215000.0,137500.0,0.0,0.0,0.0,400000.0,0.0
K.J. Britt,NE,Unknown,LB,1262500.0,1215000.0,187500.0,0.0,0.0,0.0,500000.0,0.0
Chad Muma,NE,Unknown,LB,1240000.0,1215000.0,0.0,0.0,0.0,25000.0,0.0,0.0
Eli Raridon,NE,Unknown,TE,1227038.0,885000.0,342038.0,0.0,0.0,0.0,0.0,0.0
Bryce Baringer,NE,Unknown,P,1189614.0,1145000.0,44614.0,0.0,0.0,0.0,0.0,0.0
Mike Brown,NE,Unknown,S,1175000.0,1215000.0,50000.0,0.0,0.0,50000.0,0.0,0.0
Joshua Farmer,NE,Unknown,IDL,1171454.0,1005000.0,166454.0,0.0,0.0,0.0,0.0,0.0
Jeremiah Pharms,NE,Unknown,IDL,1145000.0,1145000.0,0.0,0.0,0.0,0.0,0.0,0.0
Cory Durden,NE,Unknown,IDL,1145000.0,1145000.0,0.0,0.0,0.0,0.0,0.0,0.0
Jesse Luketa,NE,Unknown,EDGE,1145000.0,1145000.0,0.0,0.0,0.0,0.0,1145000.0,0.0
Marcellas Dial,NE,Unknown,CB,1128032.0,1075000.0,53032.0,0.0,0.0,0.0,0.0,0.0
Dell Pettus,NE,Unknown,S,1078000.0,1075000.0,3000.0,0.0,0.0,0.0,0.0,0.0
Otis Reese,NE,Unknown,LB,1075000.0,1075000.0,0.0,0.0,0.0,0.0,0.0,0.0
Sebastian Gutierrez,NE,Unknown,OT,1075000.0,1075000.0,0.0,0.0,0.0,0.0,0.0,0.0
Jack Westover,NE,Unknown,TE,1075000.0,1075000.0,0.0,0.0,0.0,0.0,0.0,0.0
Andrew Rupcich,NE,Unknown,OT,1075000.0,1075000.0,0.0,0.0,0.0,0.0,0.0,0.0
Leonard Taylor,NE,Unknown,IDL,1075000.0,1075000.0,0.0,0.0,0.0,0.0,0.0,0.0
Charles Woods,NE,Unknown,CB,1075000.0,1075000.0,0.0,0.0,0.0,0.0,0.0,0.0
Terrell Jennings,NE,Unknown,RB,1075000.0,1075000.0,0.0,0.0,0.0,0.0,0.0,0.0
Andres Borregales,NE,Unknown,K,1069121.0,1005000.0,64121.0,0.0,0.0,0.0,0.0,0.0
Marcus Bryant,NE,Unknown,OT,1042082.0,1005000.0,37082.0,0.0,0.0,0.0,0.0,0.0
Julian Ashby,NE,Unknown,LS,1030418.0,1005000.0,25418.0,0.0,0.0,0.0,0.0,0.0
Efton Chism III,NE,Unknown,WR,1013333.0,1005000.0,8333.0,0.0,0.0,0.0,0.0,0.0
Elijah Ponder,NE,Unknown,LB,1010000.0,1005000.0,5000.0,0.0,0.0,0.0,0.0,0.0
Bradyn Swinson,NE,Unknown,EDGE,1005000.0,1005000.0,0.0,0.0,0.0,0.0,0.0,0.0
CJ Dippre,NE,Unknown,TE,1005000.0,1005000.0,0.0,0.0,0.0,0.0,0.0,0.0
Eric Gregory,NE,Unknown,IDL,1005000.0,1005000.0,0.0,0.0,0.0,0.0,0.0,0.0
John Saunders,NE,Unknown,S,1005000.0,1005000.0,0.0,0.0,0.0,0.0,0.0,0.0
Amari Gainer,NE,Unknown,LB,1005000.0,1005000.0,0.0,0.0,0.0,0.0,0.0,0.0
Kobee Minor,NE,Unknown,CB,1005000.0,1005000.0,0.0,0.0,0.0,0.0,0.0,0.0
Karon Prunty,NE,Unknown,CB,991837.0,885000.0,106837.0,0.0,0.0,0.0,0.0,0.0
Namdi Obiazor,NE,Unknown,LB,944718.0,885000.0,59718.0,0.0,0.0,0.0,0.0,0.0
Behren Morton,NE,Unknown,QB,922307.0,885000.0,37307.0,0.0,0.0,0.0,0.0,0.0
Jam Miller,NE,Unknown,RB,916235.0,885000.0,31235.0,0.0,0.0,0.0,0.0,0.0
Quintayvious Hutchins,NE,Unknown,EDGE,915523.0,885000.0,30523.0,0.0,0.0,0.0,0.0,0.0
Lan Larison,NE,Unknown,RB,893333.0,885000.0,8333.0,0.0,0.0,0.0,0.0,0.0
Myles Montgomery,NE,Unknown,RB,893333.0,885000.0,8333.0,0.0,0.0,0.0,247500.0,0.0
Channing Canada,NE,Unknown,CB,891666.0,885000.0,6666.0,0.0,0.0,0.0,247500.0,0.0
Kyle Dixon,NE,Unknown,WR,890833.0,885000.0,5833.0,0.0,0.0,0.0,235000.0,0.0
Tanner Arkin,NE,Unknown,TE,890833.0,885000.0,5833.0,0.0,0.0,0.0,145000.0,0.0
Brock Lampe,NE,Unknown,TE,890000.0,885000.0,5000.0,0.0,0.0,0.0,0.0,0.0
David Blay Jr.,NE,Unknown,IDL,888333.0,885000.0,3333.0,0.0,0.0,0.0,50000.0,0.0
Jon'Darius Morgan,NE,Unknown,OG,888333.0,885000.0,3333.0,0.0,0.0,0.0,0.0,0.0
Jacob Rizy,NE,Unknown,OG,888333.0,885000.0,3333.0,0.0,0.0,0.0,75000.0,0.0
Nick DeGennaro,NE,Unknown,WR,888333.0,885000.0,3333.0,0.0,0.0,0.0,25000.0,0.0
Cameron Dorner,NE,Unknown,WR,888333.0,885000.0,3333.0,0.0,0.0,0.0,30000.0,0.0
Kenneth Harris,NE,Unknown,CB,887500.0,885000.0,2500.0,0.0,0.0,0.0,0.0,0.0
Jeremiah Webb,NE,Unknown,WR,885000.0,885000.0,0.0,0.0,0.0,0.0,0.0,0.0
Mehki Butler,NE,Unknown,OG,885000.0,885000.0,0.0,0.0,0.0,0.0,0.0,0.0
Caleb Lomu,NE,Unknown,OT,885000.0,885000.0,0.0,0.0,0.0,0.0,0.0,0.0
Gabe Jacas,NE,Unknown,EDGE,885000.0,885000.0,0.0,0.0,0.0,0.0,0.0,0.0
Jimmy Kibble,NE,Unknown,WR,885000.0,885000.0,0.0,0.0,0.0,0.0,0.0,0.0
Dametrious Crownover,NE,Unknown,OT,885000.0,885000.0,0.0,0.0,0.0,0.0,0.0,0.0
Xavier Holmes,NE,Unknown,EDGE,885000.0,885000.0,0.0,0.0,0.0,0.0,0.0,0.0
Khalil Jacobs,NE,Unknown,LB,885000.0,885000.0,0.0,0.0,0.0,0.0,0.0,0.0
Travis Shaw,NE,Unknown,IDL,885000.0,885000.0,0.0,0.0,0.0,0.0,0.0,0.0
Peter Manuma,NE,Unknown,S,885000.0,885000.0,0.0,0.0,0.0,0.0,0.0,0.0
Brandon Crossley,NE,Unknown,CB,885000.0,885000.0,0.0,0.0,0.0,0.0,0.0,0.0
Lorenz Metz,NE,Unknown,OG,0.0,885000.0,0.0,0.0,0.0,0.0,0.0,0.0
Chris Olave,NO,Unknown,WR,15493000.0,15493000.0,0.0,0.0,0.0,0.0,15493000.0,0.0
Cesar Ruiz,NO,Unknown,OG,14196000.0,9500000.0,4696000.0,0.0,0.0,0.0,2661019.0,0.0
Alvin Kamara,NO,Unknown,RB,10447471.0,1345000.0,7071471.0,0.0,0.0,0.0,3000000.0,0.0
Erik McCoy,NO,Unknown,C,10321000.0,1300000.0,9021000.0,0.0,500000.0,0.0,500000.0,0.0
Chase Young,NO,Unknown,EDGE,9610000.0,1215000.0,8395000.0,0.0,0.0,0.0,1215000.0,0.0
Carl Granderson,NO,Unknown,EDGE,9474500.0,1300000.0,8174500.0,0.0,0.0,0.0,0.0,0.0
Juwan Johnson,NO,Unknown,TE,7613000.0,1215000.0,5648000.0,0.0,0.0,0.0,1215000.0,0.0
Davon Godchaux,NO,Unknown,IDL,7139000.0,6450000.0,639000.0,0.0,0.0,50000.0,3000000.0,0.0
Nathan Shepherd,NO,Unknown,IDL,7123200.0,4769000.0,2354200.0,0.0,0.0,0.0,0.0,0.0
Kelvin Banks Jr.,NO,Unknown,OT,6302556.0,1005000.0,4202045.0,0.0,1095511.0,0.0,2100511.0,0.0
David Edwards,NO,Unknown,OG,6300000.0,1300000.0,5000000.0,0.0,0.0,0.0,1300000.0,0.0
Jordyn Tyson,NO,Unknown,WR,5907604.0,885000.0,5022604.0,0.0,0.0,0.0,885000.0,0.0
Kaden Elliss,NO,Unknown,LB,5300000.0,1300000.0,4000000.0,0.0,0.0,0.0,1300000.0,0.0
Justin Reid,NO,Unknown,S,5190000.0,1300000.0,3890000.0,0.0,0.0,0.0,1300000.0,0.0
Travis Etienne,NO,Unknown,RB,5000000.0,2000000.0,3000000.0,0.0,0.0,0.0,2000000.0,0.0
Taliese Fuaga,NO,Unknown,OT,4731316.0,1075000.0,2359210.0,0.0,1297106.0,0.0,2372106.0,0.0
Tyree Wilson,NO,Unknown,EDGE,4159842.0,1145000.0,0.0,0.0,3014842.0,0.0,4159842.0,0.0
Pete Werner,NO,Unknown,LB,3938000.0,1215000.0,2723000.0,0.0,0.0,0.0,1215000.0,0.0
Bryan Bresee,NO,Unknown,IDL,3902039.0,2422302.0,1479737.0,0.0,0.0,0.0,2422302.0,0.0
Jordan Howden,NO,Unknown,S,3755682.0,3674000.0,81682.0,0.0,0.0,0.0,0.0,0.0
Isaac Yiadom,NO,Unknown,CB,3430000.0,2520000.0,700000.0,0.0,0.0,0.0,1500000.0,0.0
Noah Fant,NO,Unknown,TE,3000000.0,1500000.0,1500000.0,0.0,0.0,0.0,1500000.0,0.0
Kool-Aid McKinstry,NO,Unknown,CB,2497393.0,1627464.0,869929.0,0.0,0.0,0.0,1627464.0,0.0
Tyler Shough,NO,Unknown,QB,2455620.0,1005000.0,1124496.0,0.0,326124.0,0.0,1331124.0,0.0
Dillon Radunz,NO,Unknown,OT,2450000.0,1250000.0,1150000.0,0.0,0.0,50000.0,1250000.0,0.0
Christen Miller,NO,Unknown,IDL,2144658.0,885000.0,1259658.0,0.0,0.0,0.0,885000.0,0.0
John Ridgeway,NO,Unknown,IDL,2040000.0,1215000.0,825000.0,0.0,0.0,0.0,0.0,0.0
Chris Rumph II,NO,Unknown,EDGE,2000000.0,1215000.0,785000.0,0.0,0.0,0.0,1215000.0,0.0
Ryan Wright,NO,Unknown,P,1875000.0,1250000.0,625000.0,0.0,0.0,0.0,1250000.0,0.0
Kendre Miller,NO,Unknown,RB,1799099.0,1521042.0,278057.0,0.0,0.0,0.0,0.0,0.0
Ja'Lynn Polk,NO,Unknown,WR,1676340.0,1676340.0,0.0,0.0,0.0,0.0,1676340.0,0.0
Zach Wood,NO,Unknown,LS,1600000.0,1400000.0,200000.0,0.0,0.0,0.0,0.0,0.0
Julian Blackmon,NO,Unknown,S,1515000.0,1215000.0,300000.0,0.0,0.0,0.0,700000.0,0.0
Martin Emerson,NO,Unknown,CB,1515000.0,1215000.0,300000.0,0.0,0.0,0.0,350000.0,0.0
Vernon Broughton,NO,Unknown,IDL,1508590.0,1141718.0,366872.0,0.0,0.0,0.0,0.0,0.0
Jonas Sanker,NO,Unknown,S,1419364.0,1123873.0,295491.0,0.0,0.0,0.0,0.0,0.0
Anfernee Jennings,NO,Unknown,EDGE,1402500.0,1215000.0,187500.0,0.0,0.0,0.0,0.0,0.0
Oscar Delp,NO,Unknown,TE,1310255.0,885000.0,425255.0,0.0,0.0,0.0,0.0,0.0
Zach Wilson,NO,Unknown,QB,1262500.0,1215000.0,187500.0,0.0,0.0,0.0,411300.0,0.0
Danny Stutsman,NO,Unknown,LB,1262091.0,1005000.0,257091.0,0.0,0.0,0.0,0.0,0.0
Quincy Riley,NO,Unknown,CB,1226809.0,1005000.0,221809.0,0.0,0.0,0.0,0.0,0.0
Spencer Rattler,NO,Unknown,QB,1159120.0,1075000.0,84120.0,0.0,0.0,0.0,0.0,0.0
Trey Palmer,NO,Unknown,WR,1145000.0,1145000.0,0.0,0.0,0.0,0.0,0.0,0.0
Asim Richards,NO,Unknown,OG,1145000.0,1145000.0,0.0,0.0,0.0,0.0,0.0,0.0
Bub Means,NO,Unknown,WR,1138569.0,1075000.0,63569.0,0.0,0.0,0.0,0.0,0.0
Jaylan Ford,NO,Unknown,LB,1138569.0,1075000.0,63569.0,0.0,0.0,0.0,0.0,0.0
Jeremiah Wright,NO,Unknown,OG,1138087.0,885000.0,253087.0,0.0,0.0,0.0,0.0,0.0
Khristian Boyd,NO,Unknown,IDL,1119707.0,1075000.0,44707.0,0.0,0.0,0.0,0.0,0.0
Terrell Burgess,NO,Unknown,S,1100000.0,1215000.0,25000.0,0.0,162500.0,0.0,0.0,0.0
Bryce Lance,NO,Unknown,WR,1082259.0,885000.0,197259.0,0.0,0.0,0.0,0.0,0.0
Mason Tipton,NO,Unknown,WR,1078334.0,1075000.0,3334.0,0.0,0.0,0.0,0.0,0.0
Audric Estime,NO,Unknown,RB,1075000.0,1075000.0,0.0,0.0,0.0,0.0,0.0,0.0
Kevin Austin Jr.,NO,Unknown,WR,1075000.0,1075000.0,0.0,0.0,0.0,0.0,0.0,0.0
DeVaughn Vele,NO,Unknown,WR,1075000.0,1075000.0,0.0,0.0,0.0,0.0,0.0,0.0
Isaiah Stalbird,NO,Unknown,LB,1075000.0,1075000.0,0.0,0.0,0.0,0.0,0.0,0.0
Ronnie Bell,NO,Unknown,WR,1075000.0,1075000.0,0.0,0.0,0.0,0.0,0.0,0.0
Ty Chandler,NO,Unknown,RB,1075000.0,1215000.0,0.0,0.0,0.0,0.0,0.0,0.0
Devin Neal,NO,Unknown,RB,1067828.0,1005000.0,62828.0,0.0,0.0,0.0,0.0,0.0
Torricelli Simpkins III,NO,Unknown,OG,1013333.0,1005000.0,8333.0,0.0,0.0,0.0,0.0,0.0
Moliki Matavao,NO,Unknown,TE,1005000.0,1005000.0,0.0,0.0,0.0,0.0,0.0,0.0
Myles Cole,NO,Unknown,EDGE,1005000.0,1005000.0,0.0,0.0,0.0,0.0,0.0,0.0
Rejzohn Wright,NO,Unknown,CB,1005000.0,1005000.0,0.0,0.0,0.0,0.0,0.0,0.0
Charlie Smyth,NO,Unknown,K,1005000.0,1005000.0,0.0,0.0,0.0,0.0,0.0,0.0
Treyton Welch,NO,Unknown,TE,1005000.0,1005000.0,0.0,0.0,0.0,0.0,0.0,0.0
Xavier Truss,NO,Unknown,OT,1005000.0,1005000.0,0.0,0.0,0.0,0.0,0.0,0.0
William Sherman,NO,Unknown,OG,1005000.0,1005000.0,0.0,0.0,0.0,0.0,0.0,0.0
Fadil Diggs,NO,Unknown,EDGE,1005000.0,1005000.0,0.0,0.0,0.0,0.0,0.0,0.0
Zaire Mitchell-Paden,NO,Unknown,TE,1005000.0,1005000.0,0.0,0.0,0.0,0.0,0.0,0.0
Lorenzo Styles Jr.,NO,Unknown,S,990197.0,885000.0,105197.0,0.0,0.0,0.0,0.0,0.0
Barion Brown,NO,Unknown,WR,958504.0,885000.0,73504.0,0.0,0.0,0.0,0.0,0.0
T.J. Hall,NO,Unknown,CB,929297.0,885000.0,44297.0,0.0,0.0,0.0,0.0,0.0
Alex Wollschlaeger,NO,Unknown,OT,895000.0,885000.0,10000.0,0.0,0.0,0.0,247500.0,0.0
Keeshawn Silver,NO,Unknown,IDL,893333.0,885000.0,8333.0,0.0,0.0,0.0,30000.0,0.0
Alan Herron,NO,Unknown,OT,893333.0,885000.0,8333.0,0.0,0.0,0.0,247500.0,0.0
Mason Shipley,NO,Unknown,K,891666.0,885000.0,6666.0,0.0,0.0,0.0,0.0,0.0
Cody Hardy,NO,Unknown,TE,891666.0,885000.0,6666.0,0.0,0.0,0.0,150000.0,0.0
Jay'Viar Suggs,NO,Unknown,IDL,891666.0,885000.0,6666.0,0.0,0.0,0.0,10000.0,0.0
Michael Heldman,NO,Unknown,EDGE,891666.0,885000.0,6666.0,0.0,0.0,0.0,247500.0,0.0
C.J. Donaldson,NO,Unknown,RB,891666.0,885000.0,6666.0,0.0,0.0,0.0,70000.0,0.0
Jeremiah McClendon,NO,Unknown,CB,890000.0,885000.0,5000.0,0.0,0.0,0.0,0.0,0.0
DaShawn Jones,NO,Unknown,CB,890000.0,885000.0,5000.0,0.0,0.0,0.0,15000.0,0.0
Damien Alford,NO,Unknown,WR,888333.0,885000.0,3333.0,0.0,0.0,0.0,0.0,0.0
Brock Rechsteiner,NO,Unknown,WR,885000.0,885000.0,0.0,0.0,0.0,0.0,0.0,0.0
Zxavian Harris,NO,Unknown,IDL,885000.0,885000.0,0.0,0.0,0.0,0.0,0.0,0.0
Elliott Davison,NO,Unknown,S,885000.0,885000.0,0.0,0.0,0.0,0.0,0.0,0.0
Coziah Izzard,NO,Unknown,IDL,885000.0,885000.0,0.0,0.0,0.0,0.0,0.0,0.0
Easton Kilty,NO,Unknown,OT,885000.0,885000.0,0.0,0.0,0.0,0.0,0.0,0.0
Jayden Price,NO,Unknown,CB,885000.0,885000.0,0.0,0.0,0.0,0.0,0.0,0.0
Barry Wesley,NO,Unknown,OT,885000.0,885000.0,0.0,0.0,0.0,0.0,0.0,0.0
Dalys Beanum,NO,Unknown,CB,885000.0,885000.0,0.0,0.0,0.0,0.0,0.0,0.0
Beanie Bishop,NO,Unknown,CB,837500.0,1005000.0,0.0,0.0,0.0,0.0,0.0,0.0
Paulson Adebo,NYG,Unknown,CB,24199390.0,17250000.0,6317037.0,0.0,0.0,250000.0,17250000.0,0.0
Brian Burns,NYG,Unknown,EDGE,21383333.0,1300000.0,18583333.0,0.0,0.0,500000.0,0.0,0.0
Jevon Holland,NYG,Unknown,S,18508431.0,12900000.0,5096666.0,0.0,0.0,100000.0,12900000.0,0.0
Andrew Thomas,NYG,Unknown,OT,17585706.0,7825000.0,8496000.0,0.0,0.0,500000.0,7825000.0,0.0
Darius Slayton,NYG,Unknown,WR,15911770.0,12250005.0,3000000.0,0.0,0.0,250000.0,9749995.0,0.0
Kayvon Thibodeaux,NYG,Unknown,EDGE,14751000.0,14751000.0,0.0,0.0,0.0,0.0,14751000.0,0.0
"Jon Runyan, Jr.",NYG,Unknown,OG,11750000.0,9000000.0,2500000.0,0.0,0.0,250000.0,0.0,0.0
Abdul Carter,NYG,Unknown,EDGE,10285268.0,1005000.0,7388214.0,0.0,1892054.0,0.0,2897054.0,0.0
Greg Newsome II,NYG,Unknown,CB,8000000.0,4000000.0,3000000.0,0.0,0.0,250000.0,0.0,0.0
Malik Nabers,NYG,Unknown,WR,7965750.0,1075000.0,4515500.0,0.0,2375250.0,0.0,3450250.0,0.0
Chauncey Golston,NYG,Unknown,EDGE,6917647.0,5250000.0,1500000.0,0.0,0.0,50000.0,5250000.0,0.0
Isaiah Likely,NYG,Unknown,TE,6087254.0,1350000.0,4166666.0,0.0,0.0,200000.0,1350000.0,0.0
Jermaine Eluemunor,NYG,Unknown,OT,5923529.0,1300000.0,4000000.0,0.0,0.0,200000.0,1300000.0,0.0
Roy Robertson-Harris,NYG,Unknown,IDL,5750000.0,3500000.0,1400000.0,0.0,0.0,100000.0,1000000.0,0.0
Francis Mauigoa,NYG,Unknown,OG,5628708.0,885000.0,4743708.0,0.0,0.0,0.0,885000.0,0.0
Tremaine Edmunds,NYG,Unknown,LB,5560784.0,1350000.0,3666666.0,0.0,0.0,200000.0,1350000.0,0.0
Jameis Winston,NYG,Unknown,QB,5000000.0,3950000.0,1000000.0,0.0,0.0,50000.0,1300000.0,0.0
D.J. Reader,NYG,Unknown,IDL,4500000.0,1750000.0,1750000.0,0.0,0.0,0.0,1750000.0,0.0
John Michael Schmitz,NYG,Unknown,C,4332788.0,3924000.0,408788.0,0.0,0.0,0.0,0.0,0.0
Deonte Banks,NYG,Unknown,CB,4320720.0,2601738.0,1718982.0,0.0,0.0,0.0,2601738.0,0.0
Jaxson Dart,NYG,Unknown,QB,3858623.0,1005000.0,2246898.0,0.0,606725.0,0.0,1611725.0,0.0
Micah McFadden,NYG,Unknown,LB,3044118.0,1400000.0,1500000.0,0.0,0.0,100000.0,1400000.0,0.0
Shelby Harris,NYG,Unknown,IDL,3000000.0,1660000.0,1000000.0,0.0,0.0,0.0,1660000.0,0.0
Darnell Mooney,NYG,Unknown,WR,3000000.0,1215000.0,1785000.0,0.0,0.0,0.0,1215000.0,0.0
Patrick Ricard,NYG,Unknown,RB,2798824.0,1340000.0,1100000.0,0.0,0.0,100000.0,1340000.0,0.0
Jordan Stout,NYG,Unknown,P,2655000.0,1215000.0,1000000.0,0.0,0.0,100000.0,1215000.0,0.0
Ar'Darius Washington,NYG,Unknown,S,2617647.0,1900000.0,500000.0,0.0,0.0,100000.0,1000000.0,0.0
Devin Singletary,NYG,Unknown,RB,2550000.0,1300000.0,1250000.0,0.0,0.0,0.0,0.0,0.0
Colton Hood,NYG,Unknown,CB,2329157.0,885000.0,1444157.0,0.0,0.0,0.0,885000.0,0.0
Tyler Nubin,NYG,Unknown,S,2230014.0,1488338.0,691676.0,0.0,0.0,50000.0,1207595.0,0.0
Jalin Hyatt,NYG,Unknown,WR,1789873.0,1467088.0,272785.0,0.0,0.0,50000.0,0.0,0.0
Andru Phillips,NYG,Unknown,CB,1635257.0,1290086.0,295171.0,0.0,0.0,50000.0,0.0,0.0
Darius Alexander,NYG,Unknown,IDL,1536834.0,1147367.0,389467.0,0.0,0.0,0.0,0.0,0.0
Calvin Austin III,NYG,Unknown,WR,1500000.0,1200000.0,250000.0,0.0,0.0,50000.0,200000.0,0.0
Malachi Fields,NYG,Unknown,WR,1307547.0,885000.0,422547.0,0.0,0.0,0.0,0.0,0.0
Cam Jones,NYG,Unknown,LB,1300000.0,1145000.0,75000.0,0.0,55000.0,25000.0,150000.0,0.0
Theo Johnson,NYG,Unknown,TE,1282859.0,1075000.0,207859.0,0.0,0.0,0.0,0.0,0.0
Cam Skattebo,NYG,Unknown,RB,1273260.0,1005000.0,268260.0,0.0,0.0,0.0,0.0,0.0
Jason Pinnock,NYG,Unknown,S,1262500.0,1215000.0,100000.0,0.0,0.0,25000.0,100000.0,0.0
Daniel Faalele,NYG,Unknown,OT,1262500.0,1215000.0,187500.0,0.0,0.0,0.0,500000.0,0.0
Gunner Olszewski,NYG,Unknown,WR,1262500.0,1215000.0,100000.0,0.0,0.0,25000.0,200000.0,0.0
Lucas Patrick,NYG,Unknown,OG,1262500.0,1300000.0,62500.0,0.0,10000.0,25000.0,200000.0,0.0
Chris Manhertz,NYG,Unknown,TE,1262500.0,1300000.0,62500.0,0.0,0.0,25000.0,200000.0,0.0
Aaron Stinnie,NYG,Unknown,OG,1262500.0,1300000.0,62500.0,0.0,0.0,25000.0,0.0,0.0
Joshua Ezeudu,NYG,Unknown,OG,1250000.0,1145000.0,80000.0,0.0,50000.0,25000.0,330300.0,0.0
Brandon Allen,NYG,Unknown,QB,1225000.0,1215000.0,50000.0,0.0,100000.0,0.0,200000.0,0.0
Elijah Campbell,NYG,Unknown,S,1216176.0,1215000.0,50000.0,0.0,0.0,25000.0,0.0,0.0
Eric Gray,NYG,Unknown,RB,1206245.0,1145000.0,61245.0,0.0,0.0,0.0,0.0,0.0
Jason Sanders,NYG,Unknown,K,1200000.0,1300000.0,100000.0,0.0,62500.0,25000.0,200000.0,0.0
Zaire Barnes,NYG,Unknown,LB,1175000.0,1075000.0,50000.0,0.0,0.0,50000.0,200000.0,0.0
Tyrone Tracy Jr.,NYG,Unknown,RB,1146588.0,1075000.0,71588.0,0.0,0.0,0.0,0.0,0.0
Zacch Pickens,NYG,Unknown,IDL,1145000.0,1145000.0,0.0,0.0,0.0,0.0,0.0,0.0
Caleb Murphy,NYG,Unknown,LB,1145000.0,1145000.0,0.0,0.0,0.0,0.0,0.0,0.0
Raheem Layne,NYG,Unknown,S,1145000.0,1145000.0,0.0,0.0,0.0,0.0,0.0,0.0
Jarrick Bernard-Converse,NYG,Unknown,CB,1145000.0,1145000.0,0.0,0.0,0.0,0.0,0.0,0.0
Xavier Gipson,NYG,Unknown,WR,1145000.0,1145000.0,0.0,0.0,0.0,0.0,0.0,0.0
Leki Fotu,NYG,Unknown,IDL,1130000.0,1215000.0,25000.0,0.0,50000.0,0.0,0.0,0.0
Darius Muasau,NYG,Unknown,LB,1125228.0,1075000.0,50228.0,0.0,0.0,0.0,0.0,0.0
Marcus Mbow,NYG,Unknown,OT,1109596.0,1005000.0,104596.0,0.0,0.0,0.0,0.0,0.0
Isaiah Hodgins,NYG,Unknown,WR,1100000.0,1215000.0,0.0,0.0,0.0,25000.0,0.0,0.0
Ryan Miller,NYG,Unknown,WR,1075000.0,1075000.0,0.0,0.0,0.0,0.0,0.0,0.0
Evan Neal,NYG,Unknown,OG,1075000.0,1215000.0,0.0,0.0,0.0,0.0,0.0,0.0
Tanner Conner,NYG,Unknown,TE,1075000.0,1215000.0,0.0,0.0,0.0,0.0,0.0,0.0
Khalid Kareem,NYG,Unknown,EDGE,1075000.0,1215000.0,0.0,0.0,0.0,0.0,0.0,0.0
Zach Triner,NYG,Unknown,LS,1075000.0,1215000.0,0.0,0.0,0.0,0.0,0.0,0.0
Sam Roberts,NYG,Unknown,IDL,1075000.0,1215000.0,0.0,0.0,0.0,0.0,0.0,0.0
Nic Jones,NYG,Unknown,CB,1075000.0,1075000.0,0.0,0.0,0.0,0.0,0.0,0.0
Art Green,NYG,Unknown,CB,1075000.0,1075000.0,0.0,0.0,0.0,0.0,0.0,0.0
Beau Brade,NYG,Unknown,S,1075000.0,1075000.0,0.0,0.0,0.0,0.0,0.0,0.0
Rico Payton,NYG,Unknown,CB,1075000.0,1075000.0,0.0,0.0,0.0,0.0,0.0,0.0
Thomas Fidone II,NYG,Unknown,TE,1042379.0,1005000.0,37379.0,0.0,0.0,0.0,0.0,0.0
Beaux Collins,NYG,Unknown,WR,1017000.0,1005000.0,12000.0,0.0,0.0,0.0,0.0,0.0
Dalen Cambre,NYG,Unknown,WR,1005000.0,1005000.0,0.0,0.0,0.0,0.0,0.0,0.0
Dante Miller,NYG,Unknown,RB,1005000.0,1005000.0,0.0,0.0,0.0,0.0,0.0,0.0
Korie Black,NYG,Unknown,CB,1005000.0,1005000.0,0.0,0.0,0.0,0.0,0.0,0.0
Jake Kubas,NYG,Unknown,OG,1005000.0,1005000.0,0.0,0.0,0.0,0.0,0.0,0.0
Ben Sauls,NYG,Unknown,K,1005000.0,1005000.0,0.0,0.0,0.0,0.0,0.0,0.0
Bobby Jamison-Travis,NYG,Unknown,IDL,962394.0,885000.0,77394.0,0.0,0.0,0.0,0.0,0.0
J.C. Davis,NYG,Unknown,OT,957230.0,885000.0,72230.0,0.0,0.0,0.0,0.0,0.0
Jack Kelly,NYG,Unknown,LB,955662.0,885000.0,70662.0,0.0,0.0,0.0,0.0,0.0
Ryan Schernecke,NYG,Unknown,OT,896666.0,885000.0,11666.0,0.0,0.0,0.0,247500.0,0.0
Anquin Barnes,NYG,Unknown,IDL,895000.0,885000.0,10000.0,0.0,0.0,0.0,100000.0,0.0
Dominic Zvada,NYG,Unknown,K,893333.0,885000.0,8333.0,0.0,0.0,0.0,120000.0,0.0
Damon Bankston,NYG,Unknown,RB,890000.0,885000.0,5000.0,0.0,0.0,0.0,100000.0,0.0
Ben Mann,NYG,Unknown,LS,888333.0,885000.0,3333.0,0.0,0.0,0.0,0.0,0.0
Ben Barten,NYG,Unknown,IDL,885833.0,885000.0,833.0,0.0,0.0,0.0,0.0,0.0
Arvell Reese,NYG,Unknown,LB,885000.0,885000.0,0.0,0.0,0.0,0.0,0.0,0.0
Bryan Hudson,NYG,Unknown,C,885000.0,885000.0,0.0,0.0,0.0,0.0,0.0,0.0
Trace Ford,NYG,Unknown,EDGE,885000.0,885000.0,0.0,0.0,0.0,0.0,0.0,0.0
Reid Holskey,NYG,Unknown,OT,885000.0,885000.0,0.0,0.0,0.0,0.0,0.0,0.0
Brandon Stephens,NYJ,Unknown,CB,13970000.0,11490000.0,2000000.0,0.0,0.0,0.0,11490000.0,0.0
Jamien Sherwood,NYJ,Unknown,LB,11500000.0,7500000.0,2500000.0,1500000.0,0.0,0.0,15000000.0,0.0
Breece Hall,NYJ,Unknown,RB,11480000.0,5160000.0,1000000.0,0.0,5000000.0,0.0,10500000.0,0.0
Garrett Wilson,NYJ,Unknown,WR,10074819.0,3074819.0,2750000.0,4000000.0,0.0,250000.0,3324819.0,0.0
David Bailey,NYJ,Unknown,EDGE,9940859.0,885000.0,9055859.0,0.0,0.0,0.0,885000.0,0.0
Harrison Phillips,NYJ,Unknown,IDL,7500000.0,6890000.0,0.0,0.0,0.0,100000.0,0.0,0.0
Minkah Fitzpatrick,NYJ,Unknown,S,7411765.0,5500000.0,1500000.0,0.0,0.0,0.0,5500000.0,0.0
Armand Membou,NYJ,Unknown,OT,7252978.0,1005000.0,4962382.0,0.0,1285596.0,0.0,2290596.0,0.0
Olu Fashanu,NYJ,Unknown,OT,5593830.0,1075000.0,2934220.0,0.0,1584610.0,0.0,2659610.0,0.0
Joseph Ossai,NYJ,Unknown,EDGE,5455000.0,3495000.0,1750000.0,0.0,0.0,0.0,3495000.0,0.0
Will McDonald IV,NYJ,Unknown,EDGE,5193257.0,1662702.0,2217575.0,0.0,1312980.0,0.0,2975682.0,0.0
Demario Davis,NYJ,Unknown,LB,5000000.0,3500000.0,1500000.0,0.0,0.0,0.0,3500000.0,0.0
Kingsley Enagbare,NYJ,Unknown,EDGE,5000000.0,3490000.0,1000000.0,0.0,0.0,0.0,3490000.0,0.0
Joe Tippmann,NYJ,Unknown,C,4693928.0,3924000.0,769928.0,0.0,0.0,0.0,0.0,0.0
David Onyemata,NYJ,Unknown,IDL,4500000.0,2150000.0,1500000.0,0.0,0.0,0.0,2150000.0,0.0
Josh Myers,NYJ,Unknown,C,4300000.0,3140000.0,600000.0,0.0,0.0,50000.0,3140000.0,0.0
Kenyon Sadiq,NYJ,Unknown,TE,4062601.0,885000.0,3177601.0,0.0,0.0,0.0,885000.0,0.0
Dane Belton,NYJ,Unknown,S,4000000.0,2490000.0,1000000.0,0.0,0.0,0.0,1000000.0,0.0
Dylan Parham,NYJ,Unknown,OG,3970000.0,2490000.0,1000000.0,0.0,0.0,0.0,2490000.0,0.0
Nahshon Wright,NYJ,Unknown,CB,3500000.0,1500000.0,2000000.0,0.0,0.0,0.0,1500000.0,0.0
Jeremy Ruckert,NYJ,Unknown,TE,3500000.0,1740000.0,1000000.0,0.0,510000.0,0.0,1740000.0,0.0
Geno Smith,NYJ,Unknown,QB,3300000.0,3300000.0,0.0,0.0,0.0,0.0,3300000.0,0.0
Mazi Smith,NYJ,Unknown,IDL,2560185.0,2560185.0,0.0,0.0,0.0,0.0,2560185.0,0.0
Mason Taylor,NYJ,Unknown,TE,2378680.0,1315736.0,1062950.0,0.0,0.0,0.0,1315736.0,0.0
Andre Cisco,NYJ,Unknown,S,2230000.0,1490000.0,500000.0,0.0,0.0,0.0,750000.0,0.0
Tim Patrick,NYJ,Unknown,WR,1985294.0,1250000.0,500000.0,0.0,0.0,0.0,500000.0,0.0
Kene Nwangwu,NYJ,Unknown,RB,1926471.0,1250000.0,500000.0,0.0,0.0,0.0,500000.0,0.0
D'Angelo Ponds,NYJ,Unknown,CB,1788530.0,885000.0,903530.0,0.0,0.0,0.0,885000.0,0.0
T'Vondre Sweat,NYJ,Unknown,IDL,1663404.0,1663404.0,0.0,0.0,0.0,0.0,1663404.0,0.0
Azareye'h Thomas,NYJ,Unknown,CB,1498556.0,1139711.0,358845.0,0.0,0.0,0.0,0.0,0.0
Thomas Hennessy,NYJ,Unknown,LS,1475000.0,1300000.0,175000.0,0.0,0.0,0.0,0.0,0.0
Adonai Mitchell,NYJ,Unknown,WR,1466462.0,1466462.0,0.0,0.0,0.0,0.0,700000.0,0.0
Max Mitchell,NYJ,Unknown,OG,1402500.0,1812500.0,187500.0,0.0,0.0,0.0,812500.0,0.0
Arian Smith,NYJ,Unknown,WR,1265413.0,1005000.0,260413.0,0.0,0.0,0.0,0.0,0.0
Mykal Walker,NYJ,Unknown,LB,1262500.0,1215000.0,187500.0,0.0,0.0,0.0,0.0,0.0
Chukwuma Okorafor,NYJ,Unknown,OT,1262500.0,1300000.0,187500.0,0.0,0.0,0.0,912500.0,0.0
Andrew Beck,NYJ,Unknown,RB,1262500.0,1300000.0,187500.0,0.0,0.0,0.0,1075000.0,0.0
Xavier Newman-Johnson,NYJ,Unknown,OG,1240441.0,1215000.0,0.0,0.0,0.0,0.0,0.0,0.0
Malachi Moore,NYJ,Unknown,S,1229535.0,1005000.0,224535.0,0.0,0.0,0.0,0.0,0.0
Tre Brown,NYJ,Unknown,CB,1215000.0,1215000.0,0.0,0.0,0.0,0.0,0.0,0.0
Braelon Allen,NYJ,Unknown,RB,1207177.0,1075000.0,132177.0,0.0,0.0,0.0,0.0,0.0
Cade Klubnik,NYJ,Unknown,QB,1189669.0,885000.0,304669.0,0.0,0.0,0.0,0.0,0.0
Kingsley Jonathan,NYJ,Unknown,EDGE,1145000.0,1145000.0,0.0,0.0,0.0,0.0,0.0,0.0
Marcelino McCrary-Ball,NYJ,Unknown,LB,1145000.0,1145000.0,0.0,0.0,0.0,0.0,0.0,0.0
Cade York,NYJ,Unknown,K,1145000.0,1145000.0,0.0,0.0,0.0,0.0,0.0,0.0
Qwan'Tez Stiggers,NYJ,Unknown,CB,1138569.0,1075000.0,63569.0,0.0,0.0,0.0,0.0,0.0
Isaiah Davis,NYJ,Unknown,RB,1138569.0,1075000.0,63569.0,0.0,0.0,0.0,0.0,0.0
Jelani Woods,NYJ,Unknown,TE,1104412.0,1075000.0,0.0,0.0,0.0,0.0,0.0,0.0
Francisco Mauigoa,NYJ,Unknown,LB,1103632.0,1005000.0,98632.0,0.0,0.0,0.0,0.0,0.0
Tyler Baron,NYJ,Unknown,EDGE,1085054.0,1005000.0,80054.0,0.0,0.0,0.0,0.0,0.0
Braiden McGregor,NYJ,Unknown,EDGE,1081668.0,1075000.0,6668.0,0.0,0.0,0.0,0.0,0.0
Jowon Briggs,NYJ,Unknown,IDL,1075000.0,1075000.0,0.0,0.0,0.0,0.0,0.0,0.0
Jarvis Brownlee,NYJ,Unknown,CB,1075000.0,1075000.0,0.0,0.0,0.0,0.0,0.0,0.0
Eric Watts,NYJ,Unknown,EDGE,1075000.0,1075000.0,0.0,0.0,0.0,0.0,0.0,0.0
Keidron Smith,NYJ,Unknown,S,1075000.0,1075000.0,0.0,0.0,0.0,0.0,0.0,0.0
Samuel Womack,NYJ,Unknown,CB,1075000.0,1215000.0,0.0,0.0,0.0,0.0,0.0,0.0
Jarius Monroe,NYJ,Unknown,S,1075000.0,1075000.0,0.0,0.0,0.0,0.0,0.0,0.0
Bailey Zappe,NYJ,Unknown,QB,1075000.0,1215000.0,0.0,0.0,0.0,0.0,0.0,0.0
Landon Young,NYJ,Unknown,OT,1075000.0,1215000.0,0.0,0.0,0.0,0.0,0.0,0.0
Irvin Charles,NYJ,Unknown,WR,1075000.0,1075000.0,0.0,0.0,0.0,0.0,0.0,0.0
Isaiah Williams,NYJ,Unknown,WR,1075000.0,1075000.0,0.0,0.0,0.0,0.0,0.0,0.0
Payton Page,NYJ,Unknown,IDL,1005000.0,1005000.0,0.0,0.0,0.0,0.0,0.0,0.0
Austin McNamara,NYJ,Unknown,P,1005000.0,1005000.0,0.0,0.0,0.0,0.0,0.0,0.0
Dean Clark,NYJ,Unknown,S,1005000.0,1005000.0,0.0,0.0,0.0,0.0,0.0,0.0
Jordan Clark,NYJ,Unknown,CB,1005000.0,1005000.0,0.0,0.0,0.0,0.0,0.0,0.0
Brady Cook,NYJ,Unknown,QB,1005000.0,1005000.0,0.0,0.0,0.0,0.0,0.0,0.0
Kobe King,NYJ,Unknown,LB,1005000.0,1005000.0,0.0,0.0,0.0,0.0,0.0,0.0
Jack Heflin,NYJ,Unknown,IDL,1005000.0,1005000.0,0.0,0.0,0.0,0.0,0.0,0.0
Anez Cooper,NYJ,Unknown,OG,959960.0,885000.0,74960.0,0.0,0.0,0.0,0.0,0.0
V.J. Payne,NYJ,Unknown,S,924544.0,885000.0,39544.0,0.0,0.0,0.0,0.0,0.0
Chip Trayanum,NYJ,Unknown,RB,891666.0,885000.0,6666.0,0.0,0.0,0.0,175000.0,0.0
Caullin Lacy,NYJ,Unknown,WR,890000.0,885000.0,5000.0,0.0,0.0,0.0,247500.0,0.0
Mory Bamba,NYJ,Unknown,CB,887500.0,885000.0,2500.0,0.0,0.0,0.0,13750.0,0.0
Nathan Voorhis,NYJ,Unknown,EDGE,886666.0,885000.0,1666.0,0.0,0.0,0.0,65000.0,0.0
Kendrick Blackshire,NYJ,Unknown,LB,886666.0,885000.0,1666.0,0.0,0.0,0.0,5000.0,0.0
Malik McClain,NYJ,Unknown,WR,886666.0,885000.0,1666.0,0.0,0.0,0.0,13750.0,0.0
Xavier Hill,NYJ,Unknown,OT,886666.0,885000.0,1666.0,0.0,0.0,0.0,0.0,0.0
Chase Curtis,NYJ,Unknown,TE,886666.0,885000.0,1666.0,0.0,0.0,0.0,0.0,0.0
Sam Scott,NYJ,Unknown,RB,886666.0,885000.0,1666.0,0.0,0.0,0.0,0.0,0.0
D.T. Sheffield,NYJ,Unknown,WR,886666.0,885000.0,1666.0,0.0,0.0,0.0,0.0,0.0
Garrison Grimes,NYJ,Unknown,LS,885333.0,885000.0,333.0,0.0,0.0,0.0,0.0,0.0
Omar Cooper,NYJ,Unknown,WR,885000.0,885000.0,0.0,0.0,0.0,0.0,0.0,0.0
Darrell Jackson Jr.,NYJ,Unknown,IDL,885000.0,885000.0,0.0,0.0,0.0,0.0,0.0,0.0
Lenny Krieg,NYJ,Unknown,K,885000.0,885000.0,0.0,0.0,0.0,0.0,0.0,0.0
Liam Fornadel,NYJ,Unknown,OG,885000.0,885000.0,0.0,0.0,0.0,0.0,0.0,0.0
Jamaal Pritchett,NYJ,Unknown,WR,885000.0,885000.0,0.0,0.0,0.0,0.0,0.0,0.0
Quentin Skinner,NYJ,Unknown,WR,885000.0,885000.0,0.0,0.0,0.0,0.0,0.0,0.0
Kohl Levao,NYJ,Unknown,OG,885000.0,885000.0,0.0,0.0,0.0,0.0,0.0,0.0
Marquis Hayes,NYJ,Unknown,OG,885000.0,885000.0,0.0,0.0,0.0,0.0,0.0,0.0
Paschal Ekeji,NYJ,Unknown,EDGE,885000.0,885000.0,0.0,0.0,0.0,0.0,0.0,0.0
Jaden Keller,NYJ,Unknown,LB,885000.0,885000.0,0.0,0.0,0.0,0.0,0.0,0.0
Jalen Hurts,PHI,Unknown,QB,31971800.0,1215000.0,4658800.0,26098000.0,0.0,0.0,51500000.0,0.0
A.J. Brown,PHI,Unknown,WR,23393496.0,1300000.0,10637496.0,11206000.0,0.0,250000.0,29000000.0,0.0
Lane Johnson,PHI,Unknown,OT,20299000.0,1300000.0,9910000.0,9089000.0,0.0,0.0,0.0,0.0
Jordan Mailata,PHI,Unknown,OT,15855233.0,1300000.0,8174233.0,5881000.0,0.0,500000.0,7000000.0,0.0
DeVonta Smith,PHI,Unknown,WR,10726510.0,1215000.0,4070310.0,4691200.0,0.0,240000.0,14000000.0,0.0
Landon Dickerson,PHI,Unknown,OG,10275000.0,1215000.0,4019000.0,4891000.0,0.0,150000.0,10000000.0,0.0
Dallas Goedert,PHI,Unknown,TE,10230880.0,1300000.0,8885880.0,0.0,1450000.0,0.0,1300000.0,0.0
Saquon Barkley,PHI,Unknown,RB,9881100.0,1300000.0,2475000.0,6106000.0,100.0,250000.0,16750000.0,0.0
Zack Baun,PHI,Unknown,LB,7588000.0,1215000.0,3216000.0,3157000.0,0.0,250000.0,16750000.0,0.0
Jalen Carter,PHI,Unknown,IDL,6938331.0,1145000.0,3214761.0,0.0,2578570.0,0.0,3723570.0,0.0
Jonathan Greenard,PHI,Unknown,EDGE,6278000.0,1215000.0,4703000.0,0.0,0.0,0.0,1725000.0,0.0
Cam Jurgens,PHI,Unknown,C,5521200.0,1215000.0,1899200.0,2407000.0,0.0,0.0,1465000.0,0.0
Jordan Davis,PHI,Unknown,IDL,5072000.0,1215000.0,3857000.0,0.0,0.0,0.0,1215000.0,0.0
Jake Elliott,PHI,Unknown,K,4653000.0,1300000.0,3353000.0,0.0,0.0,50000.0,1300000.0,0.0
Quinyon Mitchell,PHI,Unknown,CB,4041299.0,1075000.0,1899199.0,0.0,1067100.0,0.0,2142100.0,0.0
Tyler Steen,PHI,Unknown,OT,3969534.0,3624000.0,295534.0,0.0,0.0,50000.0,0.0,0.0
Nolan Smith,PHI,Unknown,EDGE,3815769.0,2385330.0,1430439.0,0.0,0.0,0.0,2385330.0,0.0
Makai Lemon,PHI,Unknown,WR,3783706.0,885000.0,2898706.0,0.0,0.0,0.0,885000.0,0.0
Moro Ojomo,PHI,Unknown,IDL,3693446.0,3674000.0,19446.0,0.0,0.0,0.0,0.0,0.0
Tariq Woolen,PHI,Unknown,CB,3408000.0,6000000.0,2148000.0,0.0,0.0,0.0,0.0,0.0
Jihaad Campbell,PHI,Unknown,LB,3387176.0,1005000.0,1869741.0,0.0,512435.0,0.0,1517435.0,0.0
Cooper DeJean,PHI,Unknown,CB,2531897.0,1638966.0,892931.0,0.0,0.0,0.0,1638966.0,0.0
Dontayvion Wicks,PHI,Unknown,WR,2316000.0,1145000.0,1171000.0,0.0,0.0,0.0,1145000.0,0.0
Marquise Brown,PHI,Unknown,WR,2040000.0,1300000.0,740000.0,0.0,0.0,0.0,1300000.0,0.0
Arnold Ebiketie,PHI,Unknown,EDGE,1900000.0,1300000.0,600000.0,0.0,0.0,0.0,1300000.0,0.0
Braden Mann,PHI,Unknown,P,1672000.0,1215000.0,457000.0,0.0,0.0,0.0,1215000.0,0.0
Brandon Graham,PHI,Unknown,EDGE,1635500.0,0.0,335500.0,0.0,0.0,0.0,0.0,0.0
Andrew Mukuba,PHI,Unknown,S,1627395.0,1165479.0,461916.0,0.0,0.0,0.0,1165479.0,0.0
Eli Stowers,PHI,Unknown,TE,1616902.0,885000.0,731902.0,0.0,0.0,0.0,885000.0,0.0
Jalyx Hunt,PHI,Unknown,EDGE,1536282.0,1257094.0,229188.0,0.0,0.0,50000.0,0.0,0.0
Byron Young,PHI,Unknown,IDL,1523007.0,1523007.0,0.0,0.0,0.0,0.0,0.0,0.0
Andy Dalton,PHI,Unknown,QB,1500000.0,1500000.0,0.0,0.0,0.0,0.0,1500000.0,0.0
Tank Bigsby,PHI,Unknown,RB,1485399.0,1435399.0,0.0,0.0,0.0,50000.0,0.0,0.0
Fred Johnson,PHI,Unknown,OG,1460000.0,1300000.0,160000.0,0.0,0.0,0.0,1400000.0,0.0
Marcus Epps,PHI,Unknown,S,1450000.0,1300000.0,25000.0,0.0,125000.0,0.0,0.0,0.0
Jonathan Jones,PHI,Unknown,CB,1440000.0,1500000.0,140000.0,0.0,0.0,0.0,1300000.0,0.0
Michael Carter II,PHI,Unknown,CB,1420000.0,1740000.0,205000.0,0.0,0.0,0.0,950000.0,0.0
Grant Calcaterra,PHI,Unknown,TE,1402500.0,1812500.0,187500.0,0.0,0.0,0.0,512500.0,0.0
Kelee Ringo,PHI,Unknown,CB,1350232.0,1145000.0,205232.0,0.0,0.0,0.0,0.0,0.0
Johnny Mundt,PHI,Unknown,TE,1340000.0,1300000.0,40000.0,0.0,0.0,0.0,550000.0,0.0
Ty Robinson,PHI,Unknown,IDL,1263917.0,1005000.0,258917.0,0.0,0.0,0.0,0.0,0.0
Joe Tryon-Shoyinka,PHI,Unknown,EDGE,1262500.0,1215000.0,162500.0,0.0,0.0,25000.0,500000.0,0.0
Will Shipley,PHI,Unknown,RB,1254241.0,1075000.0,179241.0,0.0,0.0,0.0,0.0,0.0
Britain Covey,PHI,Unknown,WR,1215000.0,1215000.0,0.0,0.0,0.0,0.0,0.0,0.0
Tanner McKee,PHI,Unknown,QB,1191630.0,1145000.0,46630.0,0.0,0.0,0.0,0.0,0.0
J.T. Gray,PHI,Unknown,S,1175000.0,1300000.0,100000.0,0.0,87500.0,0.0,250000.0,0.0
Elijah Moore,PHI,Unknown,WR,1175000.0,1215000.0,0.0,0.0,75000.0,25000.0,0.0,0.0
John Ojukwu,PHI,Unknown,OT,1172500.0,1145000.0,12500.0,0.0,10000.0,15000.0,0.0,0.0
Ambry Thomas,PHI,Unknown,CB,1162500.0,1145000.0,17500.0,0.0,0.0,0.0,0.0,0.0
Jeremiah Trotter Jr.,PHI,Unknown,LB,1157117.0,1075000.0,82117.0,0.0,0.0,0.0,0.0,0.0
Stone Smartt,PHI,Unknown,TE,1150000.0,1215000.0,25000.0,0.0,0.0,50000.0,200000.0,0.0
Dameon Pierce,PHI,Unknown,RB,1150000.0,1215000.0,0.0,0.0,50000.0,25000.0,250000.0,0.0
Jakorian Bennett,PHI,Unknown,CB,1145000.0,1145000.0,0.0,0.0,0.0,0.0,0.0,0.0
Tariq Castro-Fields,PHI,Unknown,CB,1145000.0,1145000.0,0.0,0.0,0.0,0.0,0.0,0.0
Ta'Quon Graham,PHI,Unknown,IDL,1125000.0,1215000.0,25000.0,0.0,0.0,25000.0,100000.0,0.0
Mac McWilliams,PHI,Unknown,CB,1116030.0,1005000.0,111030.0,0.0,0.0,0.0,0.0,0.0
Smael Mondon Jr.,PHI,Unknown,LB,1103865.0,1005000.0,98865.0,0.0,0.0,0.0,0.0,0.0
Drew Kendall,PHI,Unknown,C,1093769.0,1005000.0,88769.0,0.0,0.0,0.0,0.0,0.0
Quez Watkins,PHI,Unknown,WR,1075000.0,1215000.0,0.0,0.0,0.0,0.0,0.0,0.0
Johnny Wilson,PHI,Unknown,WR,1054252.0,1005000.0,49252.0,0.0,0.0,0.0,0.0,0.0
Chance Campbell,PHI,Unknown,LB,1030000.0,1005000.0,25000.0,0.0,0.0,0.0,0.0,0.0
E.J. Jenkins,PHI,Unknown,TE,1025166.0,1005000.0,20166.0,0.0,0.0,0.0,0.0,0.0
Darius Cooper,PHI,Unknown,WR,1010000.0,1005000.0,5000.0,0.0,0.0,0.0,0.0,0.0
Andre' Sam,PHI,Unknown,S,1005000.0,1005000.0,0.0,0.0,0.0,0.0,0.0,0.0
Cameron Latu,PHI,Unknown,TE,1005000.0,1005000.0,0.0,0.0,0.0,0.0,0.0,0.0
Brandon Johnson,PHI,Unknown,CB,1005000.0,1005000.0,0.0,0.0,0.0,0.0,0.0,0.0
Carson Steele,PHI,Unknown,RB,1005000.0,1005000.0,0.0,0.0,0.0,0.0,0.0,0.0
Jose Ramirez,PHI,Unknown,EDGE,1005000.0,1005000.0,0.0,0.0,0.0,0.0,0.0,0.0
Danny Gray,PHI,Unknown,WR,1005000.0,1005000.0,0.0,0.0,0.0,0.0,0.0,0.0
Chandler Martin,PHI,Unknown,LB,1005000.0,1005000.0,0.0,0.0,0.0,0.0,0.0,0.0
Cole Payton,PHI,Unknown,QB,979869.0,885000.0,94869.0,0.0,0.0,0.0,0.0,0.0
Cameron Williams,PHI,Unknown,OT,960392.0,885000.0,50392.0,0.0,0.0,25000.0,125000.0,0.0
Micah Morris,PHI,Unknown,OG,948941.0,885000.0,63941.0,0.0,0.0,0.0,0.0,0.0
Myles Hinton,PHI,Unknown,OT,943316.0,885000.0,58316.0,0.0,0.0,0.0,0.0,0.0
Cole Wisniewski,PHI,Unknown,S,916633.0,885000.0,31633.0,0.0,0.0,0.0,0.0,0.0
Keyshawn James-Newby,PHI,Unknown,EDGE,915122.0,885000.0,30122.0,0.0,0.0,0.0,0.0,0.0
Uar Bernard,PHI,Unknown,IDL,915122.0,885000.0,30122.0,0.0,0.0,0.0,0.0,0.0
Kapena Gushiken,PHI,Unknown,S,893333.0,885000.0,8333.0,0.0,0.0,0.0,247500.0,0.0
Maximus Pulley,PHI,Unknown,S,893333.0,885000.0,8333.0,0.0,0.0,0.0,25000.0,0.0
Joshua Weru,PHI,Unknown,EDGE,893333.0,885000.0,8333.0,0.0,0.0,0.0,247500.0,0.0
Dae'Quan Wright,PHI,Unknown,TE,893333.0,885000.0,8333.0,0.0,0.0,0.0,25000.0,0.0
Jaeden Roberts,PHI,Unknown,OG,891666.0,885000.0,6666.0,0.0,0.0,0.0,0.0,0.0
Rocco Underwood,PHI,Unknown,LS,891666.0,885000.0,6666.0,0.0,0.0,0.0,0.0,0.0
Deontae Lawson,PHI,Unknown,LB,888333.0,885000.0,3333.0,0.0,0.0,0.0,0.0,0.0
Isiah King,PHI,Unknown,LB,886666.0,885000.0,1666.0,0.0,0.0,0.0,0.0,0.0
Markel Bell,PHI,Unknown,OT,885000.0,885000.0,0.0,0.0,0.0,0.0,0.0,0.0
Willie Lampkin,PHI,Unknown,OG,885000.0,885000.0,0.0,0.0,0.0,0.0,0.0,0.0
Jake Majors,PHI,Unknown,C,885000.0,885000.0,0.0,0.0,0.0,0.0,0.0,0.0
Gabe Hall,PHI,Unknown,IDL,885000.0,885000.0,0.0,0.0,0.0,0.0,0.0,0.0
Hollin Pierce,PHI,Unknown,OT,885000.0,885000.0,0.0,0.0,0.0,0.0,0.0,0.0
T.J. Watt,PIT,Unknown,EDGE,42000000.0,32000000.0,10000000.0,0.0,0.0,0.0,32000000.0,0.0
D.K. Metcalf,PIT,Unknown,WR,31000000.0,25000000.0,6000000.0,0.0,0.0,0.0,0.0,0.0
Aaron Rodgers,PIT,Unknown,QB,22500000.0,22000000.0,0.0,0.0,0.0,0.0,22000000.0,0.0
Alex Highsmith,PIT,Unknown,EDGE,20102000.0,14500000.0,5602000.0,0.0,0.0,0.0,0.0,0.0
Jalen Ramsey,PIT,Unknown,CB,19500000.0,17500000.0,0.0,3796000.0,2000000.0,0.0,5500000.0,0.0
Patrick Queen,PIT,Unknown,LB,17193334.0,10830000.0,3863334.0,0.0,2500000.0,0.0,2500000.0,0.0
Cameron Heyward,PIT,Unknown,IDL,13675000.0,1300000.0,12375000.0,0.0,0.0,0.0,1300000.0,0.0
"Michael Pittman, Jr.",PIT,Unknown,WR,8866666.0,1300000.0,7566666.0,0.0,0.0,0.0,1300000.0,0.0
Jaylen Warren,PIT,Unknown,RB,7033333.0,5050000.0,1983333.0,0.0,0.0,0.0,0.0,0.0
Pat Freiermuth,PIT,Unknown,TE,6943333.0,1215000.0,4228333.0,0.0,1500000.0,0.0,1500000.0,0.0
Malik Harrison,PIT,Unknown,LB,6790000.0,4750000.0,2040000.0,0.0,0.0,0.0,0.0,0.0
DeShon Elliott,PIT,Unknown,S,6080000.0,2040000.0,2000000.0,0.0,2040000.0,0.0,0.0,0.0
Jaquan Brisker,PIT,Unknown,S,5500000.0,1215000.0,4285000.0,0.0,0.0,0.0,0.0,0.0
Jamel Dean,PIT,Unknown,CB,5500000.0,1500000.0,4000000.0,0.0,0.0,0.0,1500000.0,0.0
Broderick Jones,PIT,Unknown,OT,5290207.0,1571232.0,2272975.0,0.0,1500000.0,0.0,3017232.0,0.0
Joey Porter Jr.,PIT,Unknown,CB,4922790.0,3924000.0,998790.0,0.0,0.0,0.0,1443116.0,0.0
Chris Boswell,PIT,Unknown,K,4900000.0,1500000.0,3400000.0,0.0,0.0,0.0,1500000.0,0.0
Mason Rudolph,PIT,Unknown,QB,4622500.0,3000000.0,1622500.0,0.0,0.0,0.0,0.0,0.0
Troy Fautanu,PIT,Unknown,OG,4105990.0,1075000.0,1942326.0,0.0,1088664.0,0.0,2163664.0,0.0
Derrick Harmon,PIT,Unknown,IDL,4084910.0,1005000.0,2427928.0,0.0,651982.0,0.0,1656982.0,0.0
Asante Samuel Jr.,PIT,Unknown,CB,4000000.0,1215000.0,2785000.0,0.0,0.0,0.0,0.0,0.0
Brandin Echols,PIT,Unknown,CB,3915000.0,3000000.0,915000.0,0.0,0.0,0.0,0.0,0.0
Darnell Washington,PIT,Unknown,TE,3897438.0,3674000.0,223438.0,0.0,0.0,0.0,0.0,0.0
Nick Herbig,PIT,Unknown,EDGE,3842231.0,3674000.0,168231.0,0.0,0.0,0.0,0.0,0.0
Max Iheanachor,PIT,Unknown,OT,3762252.0,885000.0,2877252.0,0.0,0.0,0.0,885000.0,0.0
Rico Dowdle,PIT,Unknown,RB,3750000.0,1250000.0,2500000.0,0.0,0.0,0.0,0.0,0.0
Sebastian Joseph-Day,PIT,Unknown,IDL,3650000.0,1300000.0,2350000.0,0.0,0.0,0.0,0.0,0.0
Bennett Skowronek,PIT,Unknown,WR,2790000.0,2250000.0,540000.0,0.0,0.0,0.0,0.0,0.0
Brock Hoffman,PIT,Unknown,OG,2500000.0,1750000.0,750000.0,0.0,0.0,0.0,0.0,0.0
Keeanu Benton,PIT,Unknown,IDL,2333267.0,1749972.0,583295.0,0.0,0.0,0.0,0.0,0.0
Zach Frazier,PIT,Unknown,C,2057513.0,1480838.0,576675.0,0.0,0.0,0.0,799653.0,0.0
Cole Holcomb,PIT,Unknown,LB,1987500.0,1675000.0,312500.0,0.0,0.0,0.0,0.0,0.0
Germie Bernard,PIT,Unknown,WR,1917250.0,885000.0,1032250.0,0.0,0.0,0.0,885000.0,0.0
Esezi Otomewo,PIT,Unknown,IDL,1750000.0,1562500.0,187500.0,0.0,0.0,0.0,0.0,0.0
Roman Wilson,PIT,Unknown,WR,1566864.0,1317288.0,249576.0,0.0,0.0,0.0,0.0,0.0
Payton Wilson,PIT,Unknown,LB,1526267.0,1303756.0,222511.0,0.0,0.0,0.0,0.0,0.0
Kaleb Johnson,PIT,Unknown,RB,1448196.0,1129639.0,318557.0,0.0,0.0,0.0,0.0,0.0
Ryan McCollum,PIT,Unknown,C,1332500.0,1145000.0,75000.0,0.0,0.0,0.0,0.0,0.0
Christian Kuntz,PIT,Unknown,LB,1323334.0,1215000.0,108334.0,0.0,0.0,0.0,0.0,0.0
Mason McCormick,PIT,Unknown,OG,1266224.0,1075000.0,191224.0,0.0,0.0,0.0,0.0,0.0
Jack Driscoll,PIT,Unknown,OT,1262500.0,1215000.0,187500.0,0.0,0.0,0.0,0.0,0.0
Darnell Savage Jr.,PIT,Unknown,S,1262500.0,1300000.0,187500.0,0.0,0.0,0.0,0.0,0.0
Daylen Everette,PIT,Unknown,CB,1254635.0,885000.0,369635.0,0.0,0.0,0.0,0.0,0.0
Jack Sawyer,PIT,Unknown,EDGE,1242733.0,1005000.0,237733.0,0.0,0.0,0.0,0.0,0.0
Gennings Dunker,PIT,Unknown,OG,1222971.0,885000.0,337971.0,0.0,0.0,0.0,0.0,0.0
Kaden Wetjen,PIT,Unknown,WR,1166729.0,885000.0,281729.0,0.0,0.0,0.0,0.0,0.0
Spencer Anderson,PIT,Unknown,OG,1164446.0,1145000.0,19446.0,0.0,0.0,0.0,0.0,0.0
Brandon Johnson,PIT,Unknown,CB,1145000.0,1145000.0,0.0,0.0,0.0,0.0,0.0,0.0
Logan Lee,PIT,Unknown,IDL,1130018.0,1075000.0,55018.0,0.0,0.0,0.0,0.0,0.0
Yahya Black,PIT,Unknown,IDL,1099959.0,1005000.0,94959.0,0.0,0.0,0.0,0.0,0.0
Travis Homer,PIT,Unknown,RB,1075000.0,1300000.0,0.0,0.0,0.0,0.0,0.0,0.0
D'Shawn Jamison,PIT,Unknown,CB,1075000.0,1075000.0,0.0,0.0,0.0,0.0,0.0,0.0
Cameron Johnston,PIT,Unknown,P,1075000.0,1300000.0,0.0,0.0,0.0,0.0,0.0,0.0
Cal Adomitis,PIT,Unknown,LS,1075000.0,1215000.0,0.0,0.0,25000.0,0.0,0.0,0.0
Dean Lowry,PIT,Unknown,IDL,1075000.0,1300000.0,0.0,0.0,0.0,0.0,0.0,0.0
K.J. Henry,PIT,Unknown,EDGE,1075000.0,1075000.0,0.0,0.0,0.0,0.0,0.0,0.0
A.T. Perry,PIT,Unknown,WR,1075000.0,1075000.0,0.0,0.0,0.0,0.0,0.0,0.0
Dylan Cook,PIT,Unknown,OT,1075000.0,1075000.0,0.0,0.0,0.0,0.0,0.0,0.0
Will Howard,PIT,Unknown,QB,1067025.0,1005000.0,62025.0,0.0,0.0,0.0,0.0,0.0
Carson Bruener,PIT,Unknown,LB,1039235.0,1005000.0,34235.0,0.0,0.0,0.0,0.0,0.0
Anthony Goodlow,PIT,Unknown,EDGE,1005000.0,1005000.0,0.0,0.0,0.0,0.0,0.0,0.0
Sebastian Castro,PIT,Unknown,S,1005000.0,1005000.0,0.0,0.0,0.0,0.0,0.0,0.0
Jaheim Bell,PIT,Unknown,TE,1005000.0,1005000.0,0.0,0.0,0.0,0.0,0.0,0.0
Riley Nowakowski,PIT,Unknown,TE,995814.0,885000.0,110814.0,0.0,0.0,0.0,0.0,0.0
Gabriel Rubio,PIT,Unknown,IDL,946725.0,885000.0,61725.0,0.0,0.0,0.0,0.0,0.0
Robert Spears-Jennings,PIT,Unknown,S,925982.0,885000.0,40982.0,0.0,0.0,0.0,0.0,0.0
Eli Heidenreich,PIT,Unknown,RB,923996.0,885000.0,38996.0,0.0,0.0,0.0,0.0,0.0
Donte Kent,PIT,Unknown,CB,918363.0,885000.0,33363.0,0.0,0.0,0.0,0.0,0.0
Kevin Jobity Jr.,PIT,Unknown,IDL,895000.0,885000.0,10000.0,0.0,0.0,0.0,0.0,0.0
Devan Boykin,PIT,Unknown,CB,893333.0,885000.0,8333.0,0.0,0.0,0.0,0.0,0.0
Lake McRee,PIT,Unknown,TE,893333.0,885000.0,8333.0,0.0,0.0,0.0,0.0,0.0
Laith Marjan,PIT,Unknown,K,890000.0,885000.0,5000.0,0.0,0.0,0.0,0.0,0.0
Chamon Metayer,PIT,Unknown,TE,888333.0,885000.0,3333.0,0.0,0.0,0.0,0.0,0.0
Daylan Carnell,PIT,Unknown,S,886666.0,885000.0,1666.0,0.0,0.0,0.0,0.0,0.0
Greg Crippen,PIT,Unknown,C,885666.0,885000.0,666.0,0.0,0.0,0.0,0.0,0.0
Tamon Lynum,PIT,Unknown,CB,885000.0,885000.0,0.0,0.0,0.0,0.0,0.0,0.0
Max Hurleman,PIT,Unknown,S,885000.0,885000.0,0.0,0.0,0.0,0.0,0.0,0.0
Doneiko Slaughter,PIT,Unknown,CB,885000.0,885000.0,0.0,0.0,0.0,0.0,0.0,0.0
Lorenzo Thompson,PIT,Unknown,OT,885000.0,885000.0,0.0,0.0,0.0,0.0,0.0,0.0
J.J. Galbreath,PIT,Unknown,TE,885000.0,885000.0,0.0,0.0,0.0,0.0,0.0,0.0
Julius Welschof,PIT,Unknown,EDGE,885000.0,885000.0,0.0,0.0,0.0,0.0,0.0,0.0
Lew Nichols III,PIT,Unknown,RB,885000.0,885000.0,0.0,0.0,0.0,0.0,0.0,0.0
Steven Jones,PIT,Unknown,OG,885000.0,885000.0,0.0,0.0,0.0,0.0,0.0,0.0
Doug Nester,PIT,Unknown,OT,885000.0,885000.0,0.0,0.0,0.0,0.0,0.0,0.0
Jack Henderson,PIT,Unknown,S,885000.0,885000.0,0.0,0.0,0.0,0.0,0.0,0.0
Cole Burgess,PIT,Unknown,WR,885000.0,885000.0,0.0,0.0,0.0,0.0,0.0,0.0
Kyler Baugh,PIT,Unknown,IDL,885000.0,885000.0,0.0,0.0,0.0,0.0,0.0,0.0
Brandon Smith,PIT,Unknown,WR,885000.0,885000.0,0.0,0.0,0.0,0.0,0.0,0.0
Aiden Williams,PIT,Unknown,OG,885000.0,885000.0,0.0,0.0,0.0,0.0,0.0,0.0
Makari Paige,PIT,Unknown,S,885000.0,885000.0,0.0,0.0,0.0,0.0,0.0,0.0
Drew Allar,PIT,Unknown,QB,885000.0,885000.0,0.0,0.0,0.0,0.0,0.0,0.0
Brock Purdy,SF,Unknown,QB,23709530.0,8296000.0,7313530.0,7550000.0,0.0,100000.0,46996000.0,0.0
Nick Bosa,SF,Unknown,EDGE,22990988.0,1215000.0,12838648.0,8849106.0,0.0,0.0,1215000.0,0.0
Trent Williams,SF,Unknown,OT,20012845.0,1300000.0,17765786.0,0.0,0.0,100000.0,2300000.0,0.0
Fred Warner,SF,Unknown,LB,17865471.0,1650000.0,11739000.0,4200000.0,0.0,100000.0,0.0,0.0
George Kittle,SF,Unknown,TE,14147529.0,1500000.0,10304000.0,2220000.0,0.0,100000.0,12900000.0,0.0
Brandon Aiyuk,SF,Unknown,WR,13665790.0,1215000.0,2792790.0,9558000.0,0.0,100000.0,0.0,0.0
Christian McCaffrey,SF,Unknown,RB,10856472.0,1300000.0,3947472.0,4959000.0,0.0,150000.0,0.0,0.0
Deommodore Lenoir,SF,Unknown,CB,8870000.0,1220000.0,2600000.0,4200000.0,0.0,100000.0,0.0,0.0
Colton McKivitz,SF,Unknown,OT,5823555.0,1215000.0,2291555.0,1637000.0,0.0,150000.0,2045000.0,0.0
Mykel Williams,SF,Unknown,EDGE,5424238.0,1005000.0,3450449.0,0.0,968789.0,0.0,1973789.0,0.0
Osa Odighizuwa,SF,Unknown,IDL,5122000.0,1715000.0,2907000.0,0.0,0.0,0.0,2215000.0,0.0
Mike Evans,SF,Unknown,WR,4250000.0,1300000.0,2400000.0,0.0,0.0,150000.0,2300000.0,0.0
Ji'Ayir Brown,SF,Unknown,S,3905055.0,3624000.0,231055.0,0.0,0.0,50000.0,0.0,0.0
Dre Greenlaw,SF,Unknown,LB,3550000.0,2600000.0,500000.0,0.0,0.0,50000.0,3500000.0,0.0
Luke Farrell,SF,Unknown,TE,3514000.0,1350000.0,864000.0,380000.0,0.0,50000.0,1690000.0,0.0
Ricky Pearsall,SF,Unknown,WR,3419563.0,1934854.0,1484709.0,0.0,0.0,0.0,1934854.0,0.0
Nate Hobbs,SF,Unknown,CB,3380000.0,1860000.0,1250000.0,0.0,0.0,50000.0,1860000.0,0.0
Jake Brendel,SF,Unknown,C,3140000.0,1300000.0,1795000.0,0.0,0.0,100000.0,0.0,0.0
Mac Jones,SF,Unknown,QB,3130000.0,1400000.0,508000.0,282000.0,0.0,100000.0,1250000.0,0.0
Christian Kirk,SF,Unknown,WR,2960000.0,1610000.0,1170000.0,0.0,0.0,50000.0,1610000.0,0.0
Kyle Juszczyk,SF,Unknown,RB,2896000.0,1500000.0,396000.0,350000.0,0.0,100000.0,3150000.0,0.0
Demarcus Robinson,SF,Unknown,WR,2701867.0,1435000.0,438867.0,418000.0,0.0,50000.0,2000000.0,0.0
Brett Toth,SF,Unknown,OT,2500000.0,1215000.0,2215000.0,0.0,0.0,25000.0,1215000.0,0.0
De'Zhaun Stribling,SF,Unknown,WR,2432134.0,885000.0,1547134.0,0.0,0.0,0.0,885000.0,0.0
Alfred Collins,SF,Unknown,IDL,2342478.0,1308496.0,1033982.0,0.0,0.0,0.0,1308496.0,0.0
Vederian Lowe,SF,Unknown,OT,2292000.0,1300000.0,552000.0,0.0,0.0,100000.0,1740000.0,0.0
Sam Okuayinonu,SF,Unknown,EDGE,2280000.0,1605000.0,500000.0,0.0,0.0,25000.0,1300000.0,0.0
Jake Tonges,SF,Unknown,TE,2058000.0,1145000.0,523000.0,0.0,0.0,50000.0,1535000.0,0.0
Luke Gifford,SF,Unknown,LB,1972000.0,1300000.0,132000.0,0.0,0.0,50000.0,1350000.0,0.0
Eddy Pineiro,SF,Unknown,K,1951000.0,1215000.0,501000.0,0.0,0.0,25000.0,1495000.0,0.0
Keion White,SF,Unknown,EDGE,1812297.0,1812297.0,0.0,0.0,0.0,0.0,0.0,0.0
Siran Neal,SF,Unknown,CB,1750000.0,1355000.0,200000.0,0.0,0.0,25000.0,0.0,0.0
Renardo Green,SF,Unknown,CB,1742693.0,1335898.0,366795.0,0.0,0.0,40000.0,0.0,0.0
Robert Jones,SF,Unknown,LB,1665000.0,1300000.0,340000.0,0.0,0.0,25000.0,1300000.0,0.0
Dominick Puni,SF,Unknown,OG,1554695.0,1263232.0,241463.0,0.0,0.0,50000.0,0.0,0.0
Nick Martin,SF,Unknown,LB,1491288.0,1008258.0,353030.0,0.0,0.0,50000.0,0.0,0.0
Upton Stout,SF,Unknown,CB,1400269.0,1070054.0,280215.0,0.0,0.0,50000.0,0.0,0.0
Jon Weeks,SF,Unknown,LS,1262500.0,1300000.0,137500.0,0.0,0.0,50000.0,1075000.0,0.0
Malik Mustapha,SF,Unknown,S,1259734.0,1075000.0,184734.0,0.0,0.0,0.0,0.0,0.0
C.J. West,SF,Unknown,IDL,1257773.0,1005000.0,252773.0,0.0,0.0,0.0,0.0,0.0
Cameron Sample,SF,Unknown,EDGE,1253500.0,1215000.0,0.0,0.0,86500.0,50000.0,225000.0,0.0
Isaac Guerendo,SF,Unknown,RB,1251132.0,1075000.0,176132.0,0.0,0.0,0.0,0.0,0.0
Kaelon Black,SF,Unknown,RB,1241686.0,885000.0,356686.0,0.0,0.0,0.0,0.0,0.0
Darrell Luter Jr.,SF,Unknown,CB,1223378.0,1145000.0,78378.0,0.0,0.0,0.0,0.0,0.0
Jacob Cowing,SF,Unknown,WR,1207177.0,1075000.0,132177.0,0.0,0.0,0.0,0.0,0.0
Jordan Watkins,SF,Unknown,WR,1171454.0,1005000.0,166454.0,0.0,0.0,0.0,0.0,0.0
Carver Willis,SF,Unknown,OT,1152498.0,885000.0,267498.0,0.0,0.0,0.0,0.0,0.0
Corliss Waitman,SF,Unknown,P,1150000.0,1215000.0,75000.0,0.0,0.0,0.0,400000.0,0.0
Brayden Willis,SF,Unknown,TE,1145000.0,1145000.0,0.0,0.0,0.0,0.0,0.0,0.0
Zachary Thomas,SF,Unknown,OG,1145000.0,1145000.0,0.0,0.0,0.0,0.0,0.0,0.0
Jalen Graham,SF,Unknown,LB,1145000.0,1145000.0,0.0,0.0,0.0,0.0,0.0,0.0
Jordan James,SF,Unknown,RB,1114921.0,1005000.0,109921.0,0.0,0.0,0.0,0.0,0.0
Marques Sigle,SF,Unknown,S,1105594.0,1005000.0,100594.0,0.0,0.0,0.0,0.0,0.0
Tatum Bethune,SF,Unknown,LB,1095452.0,1075000.0,20452.0,0.0,0.0,0.0,0.0,0.0
Ephesians Prysock,SF,Unknown,CB,1082259.0,885000.0,197259.0,0.0,0.0,0.0,0.0,0.0
Austen Pleasants,SF,Unknown,OT,1075000.0,1075000.0,0.0,0.0,0.0,0.0,0.0,0.0
Colton Dowell,SF,Unknown,WR,1075000.0,1075000.0,0.0,0.0,0.0,0.0,0.0,0.0
Eli Apple,SF,Unknown,CB,1075000.0,1300000.0,0.0,0.0,0.0,0.0,0.0,0.0
Jack Jones,SF,Unknown,CB,1075000.0,1215000.0,0.0,0.0,0.0,0.0,0.0,0.0
Darrick Forrest,SF,Unknown,S,1075000.0,1215000.0,0.0,0.0,0.0,0.0,0.0,0.0
Nick Zakelj,SF,Unknown,OG,1075000.0,1215000.0,0.0,0.0,0.0,0.0,0.0,0.0
Patrick Taylor,SF,Unknown,RB,1075000.0,1215000.0,0.0,0.0,0.0,0.0,0.0,0.0
Malik Turner,SF,Unknown,WR,1075000.0,1215000.0,0.0,0.0,0.0,0.0,0.0,0.0
Brandon Parker,SF,Unknown,OT,1075000.0,1215000.0,0.0,0.0,0.0,0.0,0.0,0.0
Garret Wallow,SF,Unknown,LB,1075000.0,1215000.0,0.0,0.0,25000.0,0.0,330300.0,0.0
Connor Colby,SF,Unknown,OG,1030418.0,1005000.0,25418.0,0.0,0.0,0.0,0.0,0.0
Jaden Dugger,SF,Unknown,LB,1010837.0,885000.0,125837.0,0.0,0.0,0.0,0.0,0.0
Evan Anderson,SF,Unknown,IDL,1005000.0,1005000.0,0.0,0.0,0.0,0.0,0.0,0.0
William Bradley-King,SF,Unknown,EDGE,1005000.0,1005000.0,0.0,0.0,0.0,0.0,0.0,0.0
Sebastian Valdez,SF,Unknown,IDL,1005000.0,1005000.0,0.0,0.0,0.0,0.0,0.0,0.0
Sincere McCormick,SF,Unknown,RB,1005000.0,1005000.0,0.0,0.0,0.0,0.0,0.0,0.0
Patrick McMorris,SF,Unknown,S,1005000.0,1005000.0,0.0,0.0,0.0,0.0,0.0,0.0
Andrew Farmer,SF,Unknown,LB,1005000.0,1005000.0,0.0,0.0,0.0,0.0,0.0,0.0
Hayden Rucci,SF,Unknown,TE,1005000.0,1005000.0,0.0,0.0,0.0,0.0,0.0,0.0
Adrian Martinez,SF,Unknown,QB,1005000.0,1005000.0,0.0,0.0,0.0,0.0,0.0,0.0
Enrique Cruz Jr.,SF,Unknown,OT,979869.0,885000.0,94869.0,0.0,0.0,0.0,0.0,0.0
Kurtis Rourke,SF,Unknown,QB,918559.0,885000.0,33559.0,0.0,0.0,0.0,0.0,0.0
Will Pauling,SF,Unknown,WR,895000.0,885000.0,10000.0,0.0,0.0,0.0,247500.0,0.0
James Thompson Jr.,SF,Unknown,IDL,895000.0,885000.0,10000.0,0.0,0.0,0.0,247500.0,0.0
Khalil Dinkins,SF,Unknown,TE,894166.0,885000.0,9166.0,0.0,0.0,0.0,247500.0,0.0
Bryson Eason,SF,Unknown,IDL,893333.0,885000.0,8333.0,0.0,0.0,0.0,247500.0,0.0
Jakob Robinson,SF,Unknown,CB,891666.0,885000.0,6666.0,0.0,0.0,0.0,0.0,0.0
Wesley Grimes,SF,Unknown,WR,888333.0,885000.0,3333.0,0.0,0.0,0.0,190000.0,0.0
Jalen Stroman,SF,Unknown,S,888333.0,885000.0,3333.0,0.0,0.0,0.0,50000.0,0.0
Drake Nugent,SF,Unknown,C,885000.0,885000.0,0.0,0.0,0.0,0.0,0.0,0.0
Isaac Alarcon,SF,Unknown,OT,885000.0,885000.0,0.0,0.0,0.0,0.0,0.0,0.0
Junior Bergen,SF,Unknown,WR,885000.0,885000.0,0.0,0.0,0.0,0.0,0.0,0.0
Derrick Canteen,SF,Unknown,CB,885000.0,885000.0,0.0,0.0,0.0,0.0,0.0,0.0
Mikail Kamara,SF,Unknown,EDGE,885000.0,885000.0,0.0,0.0,0.0,0.0,50000.0,0.0
Larry Worth III,SF,Unknown,S,885000.0,885000.0,0.0,0.0,0.0,0.0,0.0,0.0
Romello Height,SF,Unknown,EDGE,885000.0,885000.0,0.0,0.0,0.0,0.0,0.0,0.0
Gracen Halton,SF,Unknown,IDL,885000.0,885000.0,0.0,0.0,0.0,0.0,0.0,0.0
Sam Darnold,SEA,Unknown,QB,37900000.0,12300000.0,6400000.0,0.0,15000000.0,200000.0,17500000.0,0.0
Leonard Williams,SEA,Unknown,IDL,29636250.0,15800000.0,12986250.0,0.0,0.0,0.0,0.0,0.0
Uchenna Nwosu,SEA,Unknown,EDGE,20018334.0,11000000.0,8508334.0,0.0,0.0,0.0,0.0,0.0
Cooper Kupp,SEA,Unknown,WR,17470000.0,12990000.0,4000000.0,0.0,0.0,0.0,9000000.0,0.0
Julian Love,SEA,Unknown,S,12876666.0,8320000.0,2625000.0,1611667.0,0.0,0.0,0.0,0.0
Demarcus Lawrence,SEA,Unknown,EDGE,11783333.0,8150000.0,2133333.0,0.0,0.0,0.0,5000000.0,0.0
Ernest Jones,SEA,Unknown,LB,11483333.0,7900000.0,2333333.0,0.0,0.0,0.0,5000000.0,0.0
Charles Cross,SEA,Unknown,OT,10880000.0,1690000.0,5000000.0,3000000.0,0.0,350000.0,3060000.0,0.0
Abraham Lucas,SEA,Unknown,OT,10418500.0,6596000.0,2802500.0,0.0,0.0,0.0,6616000.0,0.0
Jaxon Smith-Njigba,SEA,Unknown,WR,10371329.0,1250000.0,8871329.0,0.0,0.0,250000.0,1500000.0,0.0
Devon Witherspoon,SEA,Unknown,CB,10137639.0,1145000.0,5042937.0,0.0,3949702.0,0.0,5094702.0,0.0
Jarran Reed,SEA,Unknown,IDL,7380000.0,5490000.0,1500000.0,0.0,0.0,0.0,2000000.0,0.0
Jason Myers,SEA,Unknown,K,7225000.0,5350000.0,1875000.0,0.0,0.0,0.0,0.0,0.0
Rashid Shaheed,SEA,Unknown,WR,7000000.0,2235000.0,4000000.0,0.0,0.0,0.0,3000000.0,0.0
Josh Jobe,SEA,Unknown,CB,4803333.0,1990000.0,2333333.0,0.0,0.0,0.0,2500000.0,0.0
Byron Murphy,SEA,Unknown,IDL,4386306.0,1075000.0,2129204.0,0.0,1182102.0,0.0,2257102.0,0.0
Grey Zabel,SEA,Unknown,OT,4198059.0,1005000.0,2518447.0,0.0,674612.0,0.0,1679612.0,0.0
Josh Jones,SEA,Unknown,S,3955000.0,2245000.0,1500000.0,0.0,0.0,0.0,1500000.0,0.0
Anthony Bradford,SEA,Unknown,OG,3874997.0,3674000.0,200997.0,0.0,0.0,0.0,0.0,0.0
Michael Dickson,SEA,Unknown,P,3800000.0,2700000.0,1000000.0,0.0,0.0,0.0,2700000.0,0.0
Drake Thomas,SEA,Unknown,LB,3550000.0,2545000.0,750000.0,0.0,0.0,0.0,1500000.0,0.0
Derick Hall,SEA,Unknown,EDGE,2900420.0,1993038.0,907382.0,0.0,0.0,0.0,100000.0,0.0
Drew Lock,SEA,Unknown,QB,2750000.0,2250000.0,500000.0,0.0,0.0,0.0,0.0,0.0
Nick Emmanwori,SEA,Unknown,S,2636650.0,1367330.0,1269320.0,0.0,0.0,0.0,0.0,0.0
Dante Fowler Jr.,SEA,Unknown,EDGE,2500000.0,1320000.0,500000.0,0.0,0.0,0.0,0.0,0.0
Jake Bobo,SEA,Unknown,WR,2316176.0,1250000.0,875000.0,0.0,0.0,50000.0,1250000.0,0.0
Brady Russell,SEA,Unknown,RB,2255000.0,1500000.0,500000.0,0.0,0.0,0.0,1145000.0,0.0
Zach Charbonnet,SEA,Unknown,RB,2187843.0,1687647.0,500196.0,0.0,0.0,0.0,0.0,0.0
Eric Saubert,SEA,Unknown,TE,2130000.0,1660000.0,250000.0,0.0,0.0,0.0,500000.0,0.0
Elijah Arroyo,SEA,Unknown,TE,2003039.0,1240608.0,762431.0,0.0,0.0,0.0,1240608.0,0.0
Noah Igbinoghene,SEA,Unknown,CB,1770000.0,1215000.0,255000.0,0.0,0.0,0.0,495000.0,0.0
Brandon Pili,SEA,Unknown,IDL,1725000.0,1345000.0,250000.0,0.0,0.0,0.0,500000.0,0.0
Emanuel Wilson,SEA,Unknown,RB,1595000.0,1145000.0,250000.0,0.0,0.0,0.0,300000.0,0.0
Christian Haynes,SEA,Unknown,OG,1582572.0,1322524.0,260048.0,0.0,0.0,0.0,0.0,0.0
Bud Clark,SEA,Unknown,S,1432400.0,885000.0,547400.0,0.0,0.0,0.0,885000.0,0.0
Jalen Milroe,SEA,Unknown,QB,1423656.0,1005000.0,298925.0,0.0,119731.0,0.0,0.0,0.0
Chris Stoll,SEA,Unknown,LS,1395000.0,1145000.0,250000.0,0.0,0.0,0.0,700000.0,0.0
D'Anthony Bell,SEA,Unknown,S,1355000.0,1215000.0,0.0,0.0,0.0,0.0,125000.0,0.0
Tyrice Knight,SEA,Unknown,LB,1268140.0,1075000.0,193140.0,0.0,0.0,0.0,0.0,0.0
A.J. Barner,SEA,Unknown,TE,1263777.0,1075000.0,188777.0,0.0,0.0,0.0,0.0,0.0
Rodney Thomas,SEA,Unknown,RB,1262500.0,1215000.0,187500.0,0.0,0.0,0.0,0.0,0.0
Chazz Surratt,SEA,Unknown,LB,1230000.0,1215000.0,100000.0,0.0,0.0,0.0,250000.0,0.0
Mike Morris,SEA,Unknown,IDL,1225519.0,1145000.0,80519.0,0.0,0.0,0.0,0.0,0.0
Olusegun Oluwatimi,SEA,Unknown,C,1224115.0,1145000.0,79115.0,0.0,0.0,0.0,0.0,0.0
Julian Neal,SEA,Unknown,CB,1217073.0,885000.0,332073.0,0.0,0.0,0.0,0.0,0.0
Nehemiah Pritchett,SEA,Unknown,CB,1169768.0,1075000.0,94768.0,0.0,0.0,0.0,0.0,0.0
Kenny McIntosh,SEA,Unknown,RB,1167713.0,1145000.0,22713.0,0.0,0.0,0.0,0.0,0.0
Patrick O'Connell,SEA,Unknown,LB,1145000.0,1145000.0,0.0,0.0,0.0,0.0,0.0,0.0
Ty Okada,SEA,Unknown,S,1145000.0,1145000.0,0.0,0.0,0.0,0.0,0.0,0.0
Cody White,SEA,Unknown,WR,1145000.0,1145000.0,0.0,0.0,0.0,0.0,0.0,0.0
Harrison Bryant,SEA,Unknown,TE,1125000.0,1215000.0,50000.0,0.0,0.0,0.0,0.0,0.0
Rylie Mills,SEA,Unknown,IDL,1121875.0,1005000.0,116875.0,0.0,0.0,0.0,0.0,0.0
Tory Horton,SEA,Unknown,WR,1096260.0,1005000.0,91260.0,0.0,0.0,0.0,0.0,0.0
Robbie Ouzts,SEA,Unknown,RB,1085054.0,1005000.0,80054.0,0.0,0.0,0.0,0.0,0.0
A.J. Finley,SEA,Unknown,S,1075000.0,1075000.0,0.0,0.0,0.0,0.0,0.0,0.0
George Holani,SEA,Unknown,RB,1075000.0,1075000.0,0.0,0.0,0.0,0.0,0.0,0.0
Shemar Jean-Charles,SEA,Unknown,CB,1075000.0,1215000.0,0.0,0.0,25000.0,0.0,0.0,0.0
Jalen Sundell,SEA,Unknown,OT,1075000.0,1075000.0,0.0,0.0,0.0,0.0,0.0,0.0
Velus Jones Jr.,SEA,Unknown,RB,1075000.0,1215000.0,0.0,0.0,0.0,0.0,0.0,0.0
Bryce Cabeldue,SEA,Unknown,OT,1063065.0,1005000.0,58065.0,0.0,0.0,0.0,0.0,0.0
Mason Richman,SEA,Unknown,OT,1036481.0,1005000.0,31481.0,0.0,0.0,0.0,0.0,0.0
Beau Stephens,SEA,Unknown,OG,1015593.0,885000.0,130593.0,0.0,0.0,0.0,0.0,0.0
Connor O'Toole,SEA,Unknown,LB,1015000.0,1005000.0,10000.0,0.0,0.0,0.0,0.0,0.0
Nick Kallerup,SEA,Unknown,TE,1013333.0,1005000.0,8333.0,0.0,0.0,0.0,0.0,0.0
Jared Ivey,SEA,Unknown,LB,1010000.0,1005000.0,5000.0,0.0,0.0,0.0,0.0,0.0
Ja'Markis Weston,SEA,Unknown,LB,1005000.0,1005000.0,0.0,0.0,0.0,0.0,0.0,0.0
Amari Kight,SEA,Unknown,OT,1005000.0,1005000.0,0.0,0.0,0.0,0.0,0.0,0.0
Emmanuel Henderson,SEA,Unknown,WR,953298.0,885000.0,68298.0,0.0,0.0,0.0,0.0,0.0
Andre Fuller,SEA,Unknown,CB,920183.0,885000.0,35183.0,0.0,0.0,0.0,0.0,0.0
Deven Eastern,SEA,Unknown,IDL,917156.0,885000.0,32156.0,0.0,0.0,0.0,0.0,0.0
Michael Dansby,SEA,Unknown,CB,915122.0,885000.0,30122.0,0.0,0.0,0.0,0.0,0.0
Lance Mason,SEA,Unknown,TE,891666.0,885000.0,6666.0,0.0,0.0,0.0,0.0,0.0
Aidan Hubbard,SEA,Unknown,EDGE,891666.0,885000.0,6666.0,0.0,0.0,0.0,247500.0,0.0
Marvin Jones Jr.,SEA,Unknown,EDGE,890000.0,885000.0,5000.0,0.0,0.0,0.0,50000.0,0.0
Levi Wentz,SEA,Unknown,WR,888333.0,885000.0,3333.0,0.0,0.0,0.0,0.0,0.0
Uso Seumalo,SEA,Unknown,IDL,888333.0,885000.0,3333.0,0.0,0.0,0.0,30000.0,0.0
Trayvon Rudolph,SEA,Unknown,WR,885000.0,885000.0,0.0,0.0,0.0,0.0,0.0,0.0
Federico Maranges,SEA,Unknown,C,885000.0,885000.0,0.0,0.0,0.0,0.0,0.0,0.0
Ricky White,SEA,Unknown,WR,885000.0,885000.0,0.0,0.0,0.0,0.0,0.0,0.0
Bubba Thomas,SEA,Unknown,IDL,885000.0,885000.0,0.0,0.0,0.0,0.0,0.0,0.0
J.R. Singleton,SEA,Unknown,IDL,885000.0,885000.0,0.0,0.0,0.0,0.0,0.0,0.0
Jamie Sheriff,SEA,Unknown,EDGE,885000.0,885000.0,0.0,0.0,0.0,0.0,0.0,0.0
Chris Paul Jr.,SEA,Unknown,OG,885000.0,885000.0,0.0,0.0,0.0,0.0,0.0,0.0
Logan Brown,SEA,Unknown,OT,885000.0,885000.0,0.0,0.0,0.0,0.0,0.0,0.0
Maxen Hook,SEA,Unknown,S,885000.0,885000.0,0.0,0.0,0.0,0.0,0.0,0.0
Jacardia Wright,SEA,Unknown,RB,885000.0,885000.0,0.0,0.0,0.0,0.0,0.0,0.0
Rashad Rochelle,SEA,Unknown,WR,885000.0,885000.0,0.0,0.0,0.0,0.0,0.0,0.0
Tyrone Broden,SEA,Unknown,WR,885000.0,885000.0,0.0,0.0,0.0,0.0,0.0,0.0
Jalan Gaines,SEA,Unknown,EDGE,885000.0,885000.0,0.0,0.0,0.0,0.0,0.0,0.0
Jadarian Price,SEA,Unknown,RB,885000.0,885000.0,0.0,0.0,0.0,0.0,0.0,0.0
Montorie Foster,SEA,Unknown,WR,885000.0,885000.0,0.0,0.0,0.0,0.0,0.0,0.0
Baker Mayfield,TB,Unknown,QB,39975000.0,10000000.0,11975000.0,0.0,17000000.0,0.0,0.0,0.0
Tristan Wirfs,TB,Unknown,OT,36328582.0,26000000.0,10328582.0,0.0,0.0,0.0,26000000.0,0.0
Chris Godwin,TB,Unknown,WR,33683000.0,22000000.0,11683000.0,0.0,0.0,0.0,22000000.0,0.0
"Antoine Winfield, Jr.",TB,Unknown,S,27466000.0,19500000.0,7966000.0,0.0,0.0,0.0,0.0,0.0
Vita Vea,TB,Unknown,IDL,22194462.0,17000000.0,4194462.0,0.0,0.0,0.0,0.0,0.0
A'Shawn Robinson,TB,Unknown,IDL,10000000.0,3150000.0,0.0,0.0,6000000.0,0.0,9150000.0,0.0
Alex Anzalone,TB,Unknown,LB,9000000.0,1300000.0,0.0,0.0,7700000.0,0.0,9000000.0,0.0
Ben Bredeson,TB,Unknown,OG,8766000.0,7500000.0,1266000.0,0.0,0.0,0.0,5000000.0,0.0
Luke Goedeke,TB,Unknown,OG,7474950.0,1215000.0,5929950.0,0.0,20275000.0,0.0,1215000.0,0.0
Kenneth Gainwell,TB,Unknown,RB,7000000.0,1830000.0,0.0,0.0,5000000.0,0.0,6830000.0,0.0
Anthony Nelson,TB,Unknown,EDGE,5366000.0,4000000.0,866000.0,0.0,500000.0,0.0,0.0,0.0
Zyon McCollum,TB,Unknown,CB,5255300.0,1215000.0,3650300.0,0.0,0.0,0.0,1215000.0,0.0
Al-Quadin Muhammad,TB,Unknown,EDGE,5250000.0,1800000.0,0.0,0.0,2000000.0,0.0,2500000.0,0.0
Calijah Kancey,TB,Unknown,IDL,4611559.0,2726382.0,1885177.0,0.0,0.0,0.0,2726382.0,0.0
Rueben Bain,TB,Unknown,EDGE,4320044.0,885000.0,3435044.0,0.0,0.0,0.0,885000.0,0.0
Cody Mauch,TB,Unknown,OT,4284994.0,3674000.0,610994.0,0.0,0.0,0.0,0.0,0.0
Cade Otton,TB,Unknown,TE,4143333.0,1215000.0,2928333.0,0.0,8785000.0,0.0,1215000.0,0.0
Emeka Egbuka,TB,Unknown,WR,4130166.0,1005000.0,2464133.0,0.0,661033.0,0.0,1666033.0,0.0
YaYa Diaby,TB,Unknown,EDGE,3917711.0,3674000.0,243711.0,0.0,0.0,0.0,0.0,0.0
Graham Barton,TB,Unknown,C,3825670.0,1622373.0,1755446.0,0.0,447851.0,0.0,2070223.0,0.0
Chase McLaughlin,TB,Unknown,K,3800000.0,3800000.0,0.0,0.0,0.0,0.0,0.0,0.0
Sean Tucker,TB,Unknown,RB,3520000.0,3520000.0,0.0,0.0,0.0,0.0,0.0,0.0
Riley Dixon,TB,Unknown,P,3000000.0,2500000.0,0.0,0.0,500000.0,0.0,0.0,0.0
Josiah Trotter,TB,Unknown,LB,1982471.0,885000.0,1097471.0,0.0,0.0,0.0,885000.0,0.0
Benjamin Morrison,TB,Unknown,CB,1867264.0,1213453.0,653811.0,0.0,0.0,0.0,1213453.0,0.0
Chris Braswell,TB,Unknown,EDGE,1850508.0,1411836.0,438672.0,0.0,0.0,0.0,232247.0,0.0
Miles Killebrew,TB,Unknown,S,1790000.0,1300000.0,0.0,0.0,490000.0,0.0,0.0,0.0
Tykee Smith,TB,Unknown,S,1551005.0,1312002.0,239003.0,0.0,0.0,0.0,0.0,0.0
Christian Rozeboom,TB,Unknown,LB,1550000.0,1550000.0,0.0,0.0,335000.0,0.0,950000.0,0.0
Jalen McMillan,TB,Unknown,WR,1544461.0,1309820.0,234641.0,0.0,0.0,0.0,0.0,0.0
Jacob Parrish,TB,Unknown,CB,1442874.0,1128575.0,314299.0,0.0,0.0,0.0,0.0,0.0
Ko Kieft,TB,Unknown,TE,1402500.0,1462500.0,0.0,0.0,187500.0,0.0,600000.0,0.0
Justin Skule,TB,Unknown,OT,1402500.0,1215000.0,0.0,0.0,187500.0,0.0,400000.0,0.0
Jake Browning,TB,Unknown,QB,1332500.0,1145000.0,0.0,0.0,187500.0,0.0,400000.0,0.0
Rakeem Nunez-Roches,TB,Unknown,IDL,1300000.0,1300000.0,0.0,0.0,0.0,0.0,300000.0,0.0
Dan Feeney,TB,Unknown,OG,1262500.0,1300000.0,0.0,0.0,187500.0,0.0,1000000.0,0.0
Bucky Irving,TB,Unknown,RB,1257888.0,1075000.0,182888.0,0.0,0.0,0.0,0.0,0.0
Ted Hurst,TB,Unknown,WR,1257465.0,885000.0,372465.0,0.0,0.0,0.0,0.0,0.0
SirVocea Dennis,TB,Unknown,LB,1224332.0,1145000.0,79332.0,0.0,0.0,0.0,0.0,0.0
Payne Durham,TB,Unknown,TE,1206245.0,1145000.0,61245.0,0.0,0.0,0.0,0.0,0.0
Josh Hayes,TB,Unknown,CB,1196094.0,1145000.0,51094.0,0.0,0.0,0.0,0.0,0.0
Keionte Scott,TB,Unknown,CB,1177164.0,885000.0,292164.0,0.0,0.0,0.0,0.0,0.0
Chase Lucas,TB,Unknown,CB,1145000.0,1145000.0,0.0,0.0,0.0,0.0,0.0,0.0
David Walker,TB,Unknown,EDGE,1125814.0,885000.0,240814.0,0.0,0.0,0.0,0.0,0.0
Elijah Klein,TB,Unknown,OG,1109597.0,1075000.0,34597.0,0.0,0.0,0.0,0.0,0.0
Elijah Roberts,TB,Unknown,IDL,1107449.0,1005000.0,102449.0,0.0,0.0,0.0,0.0,0.0
Scott Daly,TB,Unknown,LS,1100000.0,1215000.0,0.0,0.0,25000.0,0.0,0.0,0.0
Devin Culp,TB,Unknown,TE,1096546.0,1075000.0,21546.0,0.0,0.0,0.0,0.0,0.0
Kameron Johnson,TB,Unknown,WR,1078334.0,1075000.0,3334.0,0.0,0.0,0.0,0.0,0.0
David Sills,TB,Unknown,WR,1075000.0,1215000.0,0.0,0.0,0.0,0.0,0.0,0.0
Mohamed Kamara,TB,Unknown,EDGE,1075000.0,1075000.0,0.0,0.0,0.0,0.0,0.0,0.0
Evan Deckers,TB,Unknown,LS,1075000.0,1075000.0,0.0,0.0,0.0,0.0,0.0,0.0
Damarion Williams,TB,Unknown,CB,1075000.0,1075000.0,0.0,0.0,0.0,0.0,0.0,0.0
Kemon Hall,TB,Unknown,CB,1075000.0,1215000.0,0.0,0.0,0.0,0.0,0.0,0.0
Tez Johnson,TB,Unknown,WR,1035985.0,1005000.0,30985.0,0.0,0.0,0.0,0.0,0.0
Ben Chukwuma,TB,Unknown,OT,1023333.0,1005000.0,18333.0,0.0,0.0,0.0,0.0,0.0
DeMonte Capehart,TB,Unknown,IDL,1010540.0,885000.0,125540.0,0.0,0.0,0.0,0.0,0.0
Billy Schrauth,TB,Unknown,OG,1007551.0,885000.0,122551.0,0.0,0.0,0.0,0.0,0.0
Rashad Wisdom,TB,Unknown,S,1005000.0,1005000.0,0.0,0.0,0.0,0.0,0.0,0.0
Elijah Simmons,TB,Unknown,IDL,1005000.0,1005000.0,0.0,0.0,0.0,0.0,0.0,0.0
Connor Bazelak,TB,Unknown,QB,1005000.0,1005000.0,0.0,0.0,0.0,0.0,0.0,0.0
John Bullock,TB,Unknown,LB,1005000.0,1005000.0,0.0,0.0,0.0,0.0,0.0,0.0
Luke Haggard,TB,Unknown,OT,1005000.0,1005000.0,0.0,0.0,0.0,0.0,0.0,0.0
Marcus Banks,TB,Unknown,S,1005000.0,1005000.0,0.0,0.0,0.0,0.0,0.0,0.0
Nick Jackson,TB,Unknown,LB,1005000.0,1005000.0,0.0,0.0,0.0,0.0,0.0,0.0
Josh Williams,TB,Unknown,RB,1005000.0,1005000.0,0.0,0.0,0.0,0.0,0.0,0.0
Bauer Sharp,TB,Unknown,TE,964145.0,885000.0,79145.0,0.0,0.0,0.0,0.0,0.0
Garrett Greene,TB,Unknown,QB,902500.0,885000.0,17500.0,0.0,0.0,0.0,0.0,0.0
J.J. Roberts,TB,Unknown,S,895000.0,885000.0,10000.0,0.0,0.0,0.0,0.0,0.0
Ja'Qurious Conley,TB,Unknown,S,895000.0,885000.0,10000.0,0.0,0.0,0.0,150000.0,0.0
Paul Rubelt,TB,Unknown,OT,895000.0,885000.0,10000.0,0.0,0.0,0.0,247500.0,0.0
Jalon Daniels,TB,Unknown,QB,893333.0,885000.0,8333.0,0.0,0.0,0.0,247500.0,0.0
Eric Rivers,TB,Unknown,WR,893333.0,885000.0,8333.0,0.0,0.0,0.0,225000.0,0.0
Ayden Garnes,TB,Unknown,CB,891666.0,885000.0,6666.0,0.0,0.0,0.0,100000.0,0.0
Henry Lutovsky,TB,Unknown,OG,890000.0,885000.0,5000.0,0.0,0.0,0.0,247500.0,0.0
Javin Wright,TB,Unknown,LB,890000.0,885000.0,5000.0,0.0,0.0,0.0,100000.0,0.0
Jack Pyburn,TB,Unknown,EDGE,890000.0,885000.0,5000.0,0.0,0.0,0.0,100000.0,0.0
Deshawn McKnight,TB,Unknown,IDL,888333.0,885000.0,3333.0,0.0,0.0,0.0,247500.0,0.0
Josiah Green,TB,Unknown,IDL,888333.0,885000.0,3333.0,0.0,0.0,0.0,30000.0,0.0
Aidan Laros,TB,Unknown,P,886666.0,885000.0,1666.0,0.0,0.0,0.0,0.0,0.0
Kenny Fletcher Jr.,TB,Unknown,TE,886000.0,885000.0,1000.0,0.0,0.0,0.0,0.0,0.0
Caden Fordham,TB,Unknown,LB,885666.0,885000.0,666.0,0.0,0.0,0.0,0.0,0.0
Kadarius Calloway,TB,Unknown,RB,885333.0,885000.0,333.0,0.0,0.0,0.0,0.0,0.0
Yasir Holmes,TB,Unknown,LB,885333.0,885000.0,333.0,0.0,0.0,0.0,0.0,0.0
Dean Patterson,TB,Unknown,WR,885333.0,885000.0,333.0,0.0,0.0,0.0,0.0,0.0
Marshall Foerner,TB,Unknown,OT,885000.0,885000.0,0.0,0.0,0.0,0.0,0.0,0.0
Ben Scott,TB,Unknown,C,885000.0,885000.0,0.0,0.0,0.0,0.0,0.0,0.0
Jayson Jones,TB,Unknown,IDL,885000.0,885000.0,0.0,0.0,0.0,0.0,0.0,0.0
Nash Hutmacher,TB,Unknown,IDL,885000.0,885000.0,0.0,0.0,0.0,0.0,0.0,0.0
Dennis Houston,TB,Unknown,WR,885000.0,885000.0,0.0,0.0,0.0,0.0,0.0,0.0
Haggai Chisom Ndubuisi,TB,Unknown,IDL,885000.0,885000.0,0.0,0.0,0.0,0.0,0.0,0.0
Dan Moore Jr.,TEN,Unknown,OT,26345000.0,19490000.0,6375000.0,0.0,0.0,0.0,20000000.0,0.0
Jeffery Simmons,TEN,Unknown,IDL,25625019.0,20173000.0,5010843.0,0.0,0.0,0.0,6470000.0,0.0
Calvin Ridley,TEN,Unknown,WR,15200000.0,5490000.0,7500000.0,0.0,2000000.0,0.0,7490000.0,0.0
John Franklin-Myers,TEN,Unknown,IDL,14958000.0,6286000.0,4000000.0,0.0,4000000.0,0.0,11000000.0,0.0
Alontae Taylor,TEN,Unknown,CB,14000000.0,9490000.0,4000000.0,0.0,0.0,0.0,9490000.0,0.0
Jermaine Johnson II,TEN,Unknown,EDGE,13411000.0,13411000.0,0.0,0.0,0.0,0.0,13411000.0,0.0
Amani Hooker,TEN,Unknown,S,11957500.0,8400000.0,2877500.0,0.0,0.0,200000.0,9110000.0,0.0
Wan'Dale Robinson,TEN,Unknown,WR,11270000.0,7790000.0,3000000.0,0.0,0.0,0.0,8300000.0,0.0
Cam Ward,TEN,Unknown,QB,11099910.0,1005000.0,8039928.0,0.0,2054982.0,0.0,3059982.0,0.0
Cordale Flott,TEN,Unknown,CB,10743333.0,6990000.0,3333333.0,0.0,0.0,0.0,6990000.0,0.0
Carnell Tate,TEN,Unknown,WR,9297257.0,885000.0,8412257.0,0.0,0.0,0.0,885000.0,0.0
Tony Pollard,TEN,Unknown,RB,9250000.0,6740000.0,2000000.0,0.0,0.0,0.0,0.0,0.0
Cody Barton,TEN,Unknown,LB,8230000.0,6170000.0,1720000.0,0.0,0.0,0.0,6170000.0,0.0
J.C. Latham,TEN,Unknown,OT,7103233.0,1075000.0,3940489.0,0.0,2087744.0,0.0,3162744.0,0.0
Peter Skoronski,TEN,Unknown,OG,6259693.0,1145000.0,2826967.0,0.0,2287726.0,0.0,3432726.0,0.0
Daniel Bellinger,TEN,Unknown,TE,5136666.0,2490000.0,2166666.0,0.0,0.0,0.0,3000000.0,0.0
Mitchell Trubisky,TEN,Unknown,QB,4250000.0,2825000.0,1000000.0,0.0,0.0,0.0,2825000.0,0.0
Tyjae Spears,TEN,Unknown,RB,3922291.0,3674000.0,248291.0,0.0,0.0,0.0,0.0,0.0
Jacob Martin,TEN,Unknown,EDGE,3500000.0,1990000.0,1000000.0,0.0,0.0,0.0,2500000.0,0.0
Joshua Williams,TEN,Unknown,CB,3065000.0,1990000.0,625000.0,0.0,0.0,0.0,1990000.0,0.0
Will Levis,TEN,Unknown,QB,3036143.0,1145000.0,984938.0,0.0,906205.0,0.0,1240000.0,0.0
Austin Schlottmann,TEN,Unknown,C,3000000.0,1990000.0,500000.0,0.0,0.0,0.0,1990000.0,0.0
Jordan Elliott,TEN,Unknown,IDL,2845000.0,1490000.0,875000.0,0.0,0.0,0.0,1490000.0,0.0
Solomon Thomas,TEN,Unknown,IDL,2470588.0,2000000.0,0.0,0.0,0.0,0.0,0.0,0.0
Cordell Volson,TEN,Unknown,OG,2450000.0,1450000.0,1000000.0,0.0,0.0,0.0,1000000.0,0.0
Tommy Townsend,TEN,Unknown,P,2100000.0,1430000.0,500000.0,0.0,170000.0,0.0,1000000.0,0.0
Tony Adams,TEN,Unknown,S,2015000.0,1215000.0,500000.0,0.0,0.0,0.0,500000.0,0.0
Joey Slye,TEN,Unknown,K,2000000.0,1500000.0,250000.0,0.0,0.0,0.0,500000.0,0.0
Oluwafemi Oladejo,TEN,Unknown,EDGE,1912524.0,1222505.0,690019.0,0.0,0.0,0.0,1222505.0,0.0
Anthony Hill Jr.,TEN,Unknown,LB,1475307.0,885000.0,590307.0,0.0,0.0,0.0,885000.0,0.0
Kevin Winston Jr.,TEN,Unknown,S,1455680.0,1131136.0,324544.0,0.0,0.0,0.0,0.0,0.0
Chimere Dike,TEN,Unknown,WR,1380238.0,1105000.0,275238.0,0.0,0.0,0.0,0.0,0.0
Mohamoud Diabate,TEN,Unknown,LB,1363000.0,1145000.0,100000.0,0.0,118000.0,0.0,250000.0,0.0
Cedric Gray,TEN,Unknown,LB,1283623.0,1075000.0,208623.0,0.0,0.0,0.0,0.0,0.0
Morgan Cox,TEN,Unknown,LS,1262500.0,1300000.0,187500.0,0.0,0.0,0.0,1075000.0,0.0
Julius Chestnut,TEN,Unknown,RB,1262500.0,1215000.0,102500.0,0.0,0.0,0.0,0.0,0.0
Kylen Granson,TEN,Unknown,TE,1262500.0,1215000.0,125000.0,0.0,0.0,0.0,500000.0,0.0
Gunnar Helm,TEN,Unknown,TE,1248227.0,1005000.0,243227.0,0.0,0.0,0.0,0.0,0.0
Austin Deculus,TEN,Unknown,OT,1200000.0,1145000.0,25000.0,0.0,30000.0,0.0,0.0,0.0
Elic Ayomanor,TEN,Unknown,WR,1171454.0,1005000.0,166454.0,0.0,0.0,0.0,0.0,0.0
Mason Kinsey,TEN,Unknown,WR,1145000.0,1145000.0,0.0,0.0,0.0,0.0,0.0,0.0
Jerrick Reed,TEN,Unknown,S,1145000.0,1145000.0,0.0,0.0,0.0,0.0,0.0,0.0
Trey Hill,TEN,Unknown,C,1145000.0,1145000.0,0.0,0.0,0.0,0.0,0.0,0.0
Earnest Brown IV,TEN,Unknown,EDGE,1145000.0,1145000.0,0.0,0.0,0.0,0.0,0.0,0.0
Hendon Hooker,TEN,Unknown,QB,1145000.0,1145000.0,0.0,0.0,0.0,0.0,0.0,0.0
James Williams,TEN,Unknown,LB,1097373.0,1075000.0,22373.0,0.0,0.0,0.0,0.0,0.0
Jaylen Harrell,TEN,Unknown,EDGE,1095184.0,1075000.0,20184.0,0.0,0.0,0.0,0.0,0.0
Jackson Slater,TEN,Unknown,OG,1095153.0,1005000.0,90153.0,0.0,0.0,0.0,0.0,0.0
David Martin-Robinson,TEN,Unknown,TE,1077500.0,1075000.0,2500.0,0.0,0.0,0.0,0.0,0.0
Sanoussi Kane,TEN,Unknown,S,1075000.0,1075000.0,0.0,0.0,0.0,0.0,0.0,0.0
Timmy Horne,TEN,Unknown,IDL,1075000.0,1075000.0,0.0,0.0,0.0,0.0,0.0,0.0
Bryce Oliver,TEN,Unknown,WR,1075000.0,1075000.0,0.0,0.0,0.0,0.0,0.0,0.0
Kendell Brooks,TEN,Unknown,S,1075000.0,1075000.0,0.0,0.0,0.0,0.0,0.0,0.0
Michael Carter,TEN,Unknown,RB,1075000.0,1215000.0,0.0,0.0,0.0,0.0,0.0,0.0
K.J. Osborn,TEN,Unknown,WR,1075000.0,1215000.0,0.0,0.0,0.0,0.0,0.0,0.0
Malik Herring,TEN,Unknown,EDGE,1075000.0,1215000.0,0.0,0.0,0.0,0.0,0.0,0.0
Marcus Harris,TEN,Unknown,CB,1068254.0,1005000.0,63254.0,0.0,0.0,0.0,0.0,0.0
Kalel Mullings,TEN,Unknown,RB,1064627.0,1005000.0,59627.0,0.0,0.0,0.0,0.0,0.0
Fernando Carmona,TEN,Unknown,OG,1025180.0,885000.0,140180.0,0.0,0.0,0.0,0.0,0.0
Garrett Dellinger,TEN,Unknown,OG,1005000.0,1005000.0,0.0,0.0,0.0,0.0,0.0,0.0
C.J. Ravenell,TEN,Unknown,EDGE,1005000.0,1005000.0,0.0,0.0,0.0,0.0,0.0,0.0
Drew Moss,TEN,Unknown,OG,1005000.0,1005000.0,0.0,0.0,0.0,0.0,0.0,0.0
Dorian Mausi,TEN,Unknown,LB,1005000.0,1005000.0,0.0,0.0,0.0,0.0,0.0,0.0
Lance McCutcheon,TEN,Unknown,WR,1005000.0,1005000.0,0.0,0.0,0.0,0.0,0.0,0.0
Cam Horsley,TEN,Unknown,IDL,1005000.0,1005000.0,0.0,0.0,0.0,0.0,0.0,0.0
Erick Hallett,TEN,Unknown,S,1005000.0,1005000.0,0.0,0.0,0.0,0.0,0.0,0.0
Ryan Hayes,TEN,Unknown,OT,1005000.0,1005000.0,0.0,0.0,0.0,0.0,0.0,0.0
Truman Jones,TEN,Unknown,EDGE,1005000.0,1005000.0,0.0,0.0,0.0,0.0,0.0,0.0
Micah Robinson,TEN,Unknown,CB,1005000.0,1005000.0,0.0,0.0,0.0,0.0,0.0,0.0
Brandon Crenshaw-Dickson,TEN,Unknown,OT,1005000.0,1005000.0,0.0,0.0,0.0,0.0,0.0,0.0
Nick Singleton,TEN,Unknown,RB,1002161.0,885000.0,117161.0,0.0,0.0,0.0,0.0,0.0
Jackie Marshall,TEN,Unknown,IDL,965781.0,885000.0,80781.0,0.0,0.0,0.0,0.0,0.0
Pat Coogan,TEN,Unknown,C,954695.0,885000.0,69695.0,0.0,0.0,0.0,0.0,0.0
Jaren Kanak,TEN,Unknown,TE,925853.0,885000.0,40853.0,0.0,0.0,0.0,0.0,0.0
Hank Beatty,TEN,Unknown,WR,893333.0,885000.0,8333.0,0.0,0.0,0.0,247500.0,0.0
Bishop Fitzgerald,TEN,Unknown,S,891666.0,885000.0,6666.0,0.0,0.0,0.0,247500.0,0.0
Sean Brown,TEN,Unknown,LB,891666.0,885000.0,6666.0,0.0,0.0,0.0,100000.0,0.0
Jalen McMurray,TEN,Unknown,CB,891666.0,885000.0,6666.0,0.0,0.0,0.0,130000.0,0.0
Aamil Wagner,TEN,Unknown,OT,891666.0,885000.0,6666.0,0.0,0.0,0.0,247500.0,0.0
Mani Powell,TEN,Unknown,LB,890000.0,885000.0,5000.0,0.0,0.0,0.0,125000.0,0.0
Tyren Montgomery,TEN,Unknown,WR,890000.0,885000.0,5000.0,0.0,0.0,0.0,160000.0,0.0
Latrell McCutchin Sr.,TEN,Unknown,CB,890000.0,885000.0,5000.0,0.0,0.0,0.0,150000.0,0.0
Shad Banks Jr.,TEN,Unknown,LB,888333.0,885000.0,3333.0,0.0,0.0,0.0,80000.0,0.0
Rasheed Miller,TEN,Unknown,OT,888333.0,885000.0,3333.0,0.0,0.0,0.0,130000.0,0.0
Jeadyn Lukus,TEN,Unknown,CB,886666.0,885000.0,1666.0,0.0,0.0,0.0,25000.0,0.0
Joel Wilson,TEN,Unknown,TE,885000.0,885000.0,0.0,0.0,0.0,0.0,0.0,0.0
Keydrain Calligan,TEN,Unknown,CB,885000.0,885000.0,0.0,0.0,0.0,0.0,0.0,0.0
Keldric Faulk,TEN,Unknown,EDGE,885000.0,885000.0,0.0,0.0,0.0,0.0,0.0,0.0
Courtney Jackson,TEN,Unknown,WR,885000.0,885000.0,0.0,0.0,0.0,0.0,0.0,0.0
Xavier Restrepo,TEN,Unknown,WR,885000.0,885000.0,0.0,0.0,0.0,0.0,0.0,0.0
David Ebuka Agoha,TEN,Unknown,EDGE,0.0,885000.0,0.0,0.0,0.0,0.0,0.0,0.0
Daron Payne,WAS,Unknown,IDL,27950000.0,16400000.0,5600000.0,0.0,5000000.0,500000.0,5000000.0,0.0
Samuel Cosmi,WAS,Unknown,OG,20260000.0,15500000.0,4000000.0,0.0,0.0,490000.0,15500000.0,0.0
Terry McLaurin,WAS,Unknown,WR,18000000.0,2900000.0,11600000.0,2500000.0,0.0,500000.0,12900000.0,0.0
Javon Kinlaw,WAS,Unknown,IDL,16200000.0,12200000.0,3300000.0,0.0,0.0,0.0,12200000.0,0.0
Dorance Armstrong Jr.,WAS,Unknown,EDGE,12055000.0,8595000.0,3000000.0,0.0,0.0,250000.0,0.0,0.0
Laremy Tunsil,WAS,Unknown,OT,11905000.0,1495000.0,17600000.0,0.0,0.0,100000.0,1495000.0,0.0
K'Lavon Chaisson,WAS,Unknown,EDGE,11470000.0,3300000.0,7000000.0,0.0,0.0,190000.0,3300000.0,0.0
Frankie Luvu,WAS,Unknown,LB,11295000.0,7555000.0,2300000.0,0.0,1000000.0,100000.0,0.0,0.0
Jayden Daniels,WAS,Unknown,QB,10294541.0,1075000.0,6068027.0,0.0,3151514.0,0.0,4226514.0,0.0
Odafe Oweh,WAS,Unknown,EDGE,9200000.0,3300000.0,5200000.0,0.0,0.0,190000.0,3300000.0,0.0
Marcus Mariota,WAS,Unknown,QB,7340000.0,1390000.0,5000000.0,0.0,0.0,100000.0,1390000.0,0.0
Sonny Styles,WAS,Unknown,LB,6765744.0,885000.0,5880744.0,0.0,0.0,0.0,885000.0,0.0
John Bates,WAS,Unknown,TE,5793333.0,3010000.0,2333333.0,0.0,0.0,150000.0,3010000.0,0.0
Chigoziem Okonkwo,WAS,Unknown,TE,5333333.0,2350000.0,2333333.0,0.0,0.0,140000.0,2350000.0,0.0
Nick Cross,WAS,Unknown,S,5250000.0,3050000.0,1500000.0,0.0,0.0,190000.0,3050000.0,0.0
Amik Robertson,WAS,Unknown,CB,5010000.0,1350000.0,3000000.0,0.0,0.0,150000.0,1350000.0,0.0
Will Harris,WAS,Unknown,S,4760000.0,2890000.0,1000000.0,0.0,500000.0,100000.0,0.0,0.0
Leo Chenal,WAS,Unknown,LB,4326666.0,1600000.0,2166666.0,0.0,0.0,140000.0,1600000.0,0.0
Quan Martin,WAS,Unknown,S,4312695.0,3674000.0,638695.0,0.0,0.0,0.0,0.0,0.0
Charles Omenihu,WAS,Unknown,EDGE,4000000.0,2300000.0,1000000.0,0.0,0.0,190000.0,2300000.0,0.0
Tim Settle,WAS,Unknown,IDL,3900000.0,1300000.0,2000000.0,0.0,0.0,120000.0,1300000.0,0.0
Nick Allegretti,WAS,Unknown,OG,3844666.0,1500000.0,1844666.0,0.0,0.0,160000.0,1500000.0,0.0
Josh Conerly Jr.,WAS,Unknown,OT,3563885.0,1005000.0,2011108.0,0.0,547777.0,0.0,1552777.0,0.0
Jeremy Reaves,WAS,Unknown,S,3402500.0,1300000.0,1402500.0,0.0,0.0,125000.0,1300000.0,0.0
Andrew Wylie,WAS,Unknown,OT,3200000.0,1775000.0,750000.0,0.0,0.0,250000.0,2200000.0,0.0
Chris Paul,WAS,Unknown,LB,3000000.0,1475000.0,1000000.0,0.0,0.0,100000.0,1475000.0,0.0
Percy Butler,WAS,Unknown,S,2800000.0,1525000.0,675000.0,0.0,0.0,200000.0,0.0,0.0
Jer'Zhan Newton,WAS,Unknown,IDL,2661270.0,1682090.0,979180.0,0.0,0.0,0.0,1682090.0,0.0
Nick Bellore,WAS,Unknown,LB,2197500.0,1500000.0,247500.0,0.0,0.0,50000.0,0.0,0.0
Mike Sainristil,WAS,Unknown,CB,2100637.0,1495212.0,605425.0,0.0,0.0,0.0,897128.0,0.0
Rachaad White,WAS,Unknown,RB,2000000.0,1315000.0,400000.0,0.0,0.0,30000.0,1315000.0,0.0
Treylon Burks,WAS,Unknown,WR,1990000.0,1215000.0,400000.0,0.0,0.0,55000.0,0.0,0.0
Ben Sinnott,WAS,Unknown,TE,1971259.0,1452086.0,519173.0,0.0,0.0,0.0,602616.0,0.0
Dyami Brown,WAS,Unknown,WR,1720000.0,1215000.0,250000.0,0.0,0.0,30000.0,0.0,0.0
Jake Moody,WAS,Unknown,K,1700000.0,1250000.0,125000.0,0.0,75000.0,50000.0,0.0,0.0
Trey Amos,WAS,Unknown,CB,1654550.0,1170910.0,483640.0,0.0,0.0,0.0,1170910.0,0.0
Brandon Coleman,WAS,Unknown,WR,1652243.0,1345748.0,306495.0,0.0,0.0,0.0,0.0,0.0
Luke McCaffrey,WAS,Unknown,WR,1526267.0,1263756.0,222511.0,0.0,0.0,40000.0,0.0,0.0
Tyler Ott,WAS,Unknown,LS,1508334.0,1300000.0,133334.0,0.0,0.0,75000.0,0.0,0.0
Tress Way,WAS,Unknown,P,1487500.0,2850000.0,162500.0,0.0,0.0,25000.0,2850000.0,0.0
Deatrich Wise,WAS,Unknown,EDGE,1450000.0,1300000.0,75000.0,0.0,0.0,75000.0,0.0,0.0
Antonio Williams,WAS,Unknown,WR,1319767.0,885000.0,434767.0,0.0,0.0,0.0,0.0,0.0
Trenton Scott,WAS,Unknown,OT,1262500.0,1300000.0,100000.0,0.0,0.0,87500.0,0.0,0.0
Jeremy McNichols,WAS,Unknown,RB,1262500.0,1300000.0,162500.0,0.0,0.0,25000.0,400000.0,0.0
Van Jefferson,WAS,Unknown,WR,1262500.0,1215000.0,127500.0,0.0,0.0,60000.0,400000.0,0.0
Jerome Ford,WAS,Unknown,RB,1262500.0,1215000.0,137500.0,0.0,0.0,50000.0,300000.0,0.0
Jaylin Lane,WAS,Unknown,WR,1233460.0,1005000.0,228460.0,0.0,0.0,0.0,0.0,0.0
Drake Jackson,WAS,Unknown,EDGE,1222500.0,1215000.0,100000.0,0.0,40000.0,47500.0,400000.0,0.0
Ahkello Witherspoon,WAS,Unknown,CB,1187500.0,1300000.0,25000.0,0.0,37500.0,50000.0,665000.0,0.0
D.J. Davidson,WAS,Unknown,IDL,1185000.0,1215000.0,20000.0,0.0,45000.0,45000.0,0.0,0.0
Shy Tuttle,WAS,Unknown,IDL,1175000.0,1300000.0,50000.0,0.0,0.0,50000.0,0.0,0.0
Jordan Magee,WAS,Unknown,LB,1167807.0,1075000.0,92807.0,0.0,0.0,0.0,0.0,0.0
Andre Carter II,WAS,Unknown,EDGE,1145000.0,1145000.0,0.0,0.0,0.0,0.0,0.0,0.0
D.J. Johnson,WAS,Unknown,EDGE,1145000.0,1145000.0,0.0,0.0,0.0,0.0,0.0,0.0
Lawrence Cager,WAS,Unknown,TE,1145000.0,1145000.0,0.0,0.0,0.0,0.0,0.0,0.0
Javontae Jean-Baptiste,WAS,Unknown,EDGE,1105297.0,1075000.0,30297.0,0.0,0.0,0.0,0.0,0.0
Tyler Owens,WAS,Unknown,S,1081668.0,1075000.0,6668.0,0.0,0.0,0.0,0.0,0.0
Colson Yankoff,WAS,Unknown,TE,1078334.0,1075000.0,3334.0,0.0,0.0,0.0,0.0,0.0
Foster Sarell,WAS,Unknown,OT,1075000.0,1215000.0,0.0,0.0,0.0,0.0,0.0,0.0
Antonio Hamilton,WAS,Unknown,CB,1075000.0,1300000.0,0.0,0.0,0.0,0.0,0.0,0.0
Darius Rush,WAS,Unknown,CB,1075000.0,1075000.0,0.0,0.0,0.0,0.0,0.0,0.0
Tre Hawkins,WAS,Unknown,CB,1075000.0,1075000.0,0.0,0.0,0.0,0.0,0.0,0.0
Sala Aumavae-Laulu,WAS,Unknown,OG,1075000.0,1075000.0,0.0,0.0,0.0,0.0,0.0,0.0
Kain Medrano,WAS,Unknown,LB,1057086.0,1005000.0,52086.0,0.0,0.0,0.0,0.0,0.0
Jacory Croskey-Merritt,WAS,Unknown,RB,1031357.0,1005000.0,26357.0,0.0,0.0,0.0,0.0,0.0
Joshua Josephs,WAS,Unknown,EDGE,1016578.0,885000.0,131578.0,0.0,0.0,0.0,0.0,0.0
Ale Kaho,WAS,Unknown,LB,1008333.0,1005000.0,3333.0,0.0,0.0,0.0,0.0,0.0
Sam Hartman,WAS,Unknown,QB,1005000.0,1005000.0,0.0,0.0,0.0,0.0,0.0,0.0
Qwuantrezz Knight,WAS,Unknown,S,1005000.0,1005000.0,0.0,0.0,0.0,0.0,0.0,0.0
Julian Good-Jones,WAS,Unknown,OT,1005000.0,1005000.0,0.0,0.0,0.0,0.0,0.0,0.0
Kaytron Allen,WAS,Unknown,RB,960988.0,885000.0,75988.0,0.0,0.0,0.0,0.0,0.0
Matt Gulbin,WAS,Unknown,C,948394.0,885000.0,63394.0,0.0,0.0,0.0,0.0,0.0
Athan Kaliakmanis,WAS,Unknown,QB,926164.0,885000.0,41164.0,0.0,0.0,0.0,0.0,0.0
Malik Spencer,WAS,Unknown,S,893333.0,885000.0,8333.0,0.0,0.0,0.0,125000.0,0.0
Robert Henry Jr.,WAS,Unknown,RB,891666.0,885000.0,6666.0,0.0,0.0,0.0,200000.0,0.0
Jeffrey M'ba,WAS,Unknown,IDL,891666.0,885000.0,6666.0,0.0,0.0,0.0,245000.0,0.0
Quentin Moore,WAS,Unknown,TE,891666.0,885000.0,6666.0,0.0,0.0,0.0,250000.0,0.0
Fred Davis II,WAS,Unknown,CB,890000.0,885000.0,5000.0,0.0,0.0,0.0,0.0,0.0
Tanoa Togiai,WAS,Unknown,OG,890000.0,885000.0,5000.0,0.0,0.0,0.0,125000.0,0.0
Chris Hilton Jr.,WAS,Unknown,WR,890000.0,885000.0,5000.0,0.0,0.0,0.0,0.0,0.0
Jaden Bradley,WAS,Unknown,WR,888333.0,885000.0,3333.0,0.0,0.0,0.0,45000.0,0.0
Drew Stevens,WAS,Unknown,K,885833.0,885000.0,833.0,0.0,0.0,0.0,0.0,0.0
Robert McDaniel,WAS,Unknown,S,885000.0,885000.0,0.0,0.0,0.0,0.0,0.0,0.0
Tyler Cooper,WAS,Unknown,OG,885000.0,885000.0,0.0,0.0,0.0,0.0,0.0,0.0
Car'lin Vigers,WAS,Unknown,CB,885000.0,885000.0,0.0,0.0,0.0,0.0,0.0,0.0
Tim McKay,WAS,Unknown,OG,885000.0,885000.0,0.0,0.0,0.0,0.0,0.0,0.0
Ricky Barber,WAS,Unknown,IDL,885000.0,885000.0,0.0,0.0,0.0,0.0,0.0,0.0
TJ Maguranyanga,WAS,Unknown,EDGE,885000.0,885000.0,0.0,0.0,0.0,0.0,0.0,0.0
Jacoby Jones,WAS,Unknown,WR,885000.0,885000.0,0.0,0.0,0.0,0.0,0.0,0.0
Ja'Corey Brooks,WAS,Unknown,WR,885000.0,885000.0,0.0,0.0,0.0,0.0,0.0,0.0
Nick Nash,WAS,Unknown,WR,885000.0,885000.0,0.0,0.0,0.0,0.0,0.0,0.0
